design_range_nm,spec_energy_whkg,objective,converged,feasible,start_name,starts_tried,objective_value,mixed_objective_kg,doc_per_nmi,trip_doc_usd,MTOW_kg,MTOW_lb,fuel_burn_kg,fuel_burn_lb,fuel_mileage_lb_per_nmi,W_battery_kg,W_battery_lb,S_ref_m2,S_ref_ft2,cruise_hybridization,climb_hybridization,descent_hybridization,electric_percent,electric_energy_frac,battery_energy_frac,engine_rating_hp,motor_rating_hp,generator_rating_hp,W_fuel_max_kg,OEW_kg,MTOW_margin_lb,rotate_range_ft,Vstall_kn,SOC_final,engineoutclimb_gamma,max_constraint_violation,n_iter,wall_time_s,error,src_objective,src_start_name,src_converged,assumed
300.0,250.0,cost,True,False,rescore,rescore,0.8232679950654879,216.1276632231101,0.8232679950654879,246.98039851964634,5694.679690270653,12554.619669075699,159.18086632040357,350.93373884768346,1.1697791294922781,1533.937839075895,3381.754060461726,34.00491667948319,366.02587686563527,0.5440649311123467,0.6676458464846101,0.014762348647664262,54.40649311123467,0.4674829255689463,0.16625839866195755,470.39102407570516,665.020546264586,456.2802179486993,500.0,3569.810213918796,-48.15248335072647,4071.4139095238797,81.64146868290327,0.011307657548030078,0.032671305393758614,1.0,nan,5.81508469581604,,0.814464685554186,,True,W_fuel_max=500kg
300.0,300.0,cost,True,False,rescore,rescore,0.7318228776162253,180.5462050041663,0.7318228776162253,219.54686328486758,5695.6641776361175,12556.79009219248,123.58956322780513,272.4683469104006,0.9082278230346688,1601.199986055409,3530.0417112835994,34.01079539689215,366.08915485319045,0.6511558420133119,0.7455413720533625,0.2237953310667701,65.11558420133119,0.5870890580104102,0.24335486682417357,360.20362910345705,665.1349711510521,349.4007116527675,500.0,3536.569089330511,-42.520183877008094,4071.4064347625535,81.6414686825241,0.011609157600317499,0.032671467982125925,1.0,nan,5.7991509437561035,,0.7218228406707221,,True,W_fuel_max=500kg
300.0,350.0,cost,True,False,rescore,rescore,0.6144419287350136,116.46204749241531,0.6144419287350136,184.33257862050405,5602.501201254859,12351.400886948137,60.43703547986673,133.24085561344341,0.4441361853781447,1822.5423423362695,4018.0180771028995,33.45448680330927,360.1010989878186,0.7709365827605045,0.6945259513251328,0.9999999999999981,77.09365827605045,0.7951137483852849,0.4660563940318884,425.5413866075767,936.7369816006922,417.12064276345245,500.0,3649.3844299573407,-845.3735156934367,1985.7752721451677,81.64146868250538,0.012205696064028493,0.07752907980348092,1.0,nan,4.312397241592407,,0.6020590502619181,,True,W_fuel_max=500kg
300.0,400.0,cost,True,False,rescore,rescore,0.5214544214659367,97.77044736170373,0.5214544214659367,156.436326439781,5696.082877713581,12557.713167855005,40.809618584567914,89.96980831856813,0.29989936106189374,1763.575682218637,3888.0188442755752,34.013295600960284,366.11606682580333,0.8841327367422537,0.9153599859173316,0.7475396456428476,88.41327367422537,0.8640134499531485,0.588420718796098,119.82230438640185,665.1948425096567,116.2299802419253,500.0,3458.633519612184,-45.25718257079143,4071.1181301941547,81.64146868250717,0.012109408386319548,0.03267328799999563,1.0,nan,4.296047210693359,,0.5086184029428668,,True,W_fuel_max=500kg
300.0,450.0,cost,True,False,rescore,rescore,0.40476857317341486,55.587070653373374,0.40476857317341486,121.43057195202445,5536.453776922577,12205.791241153565,0.2225328841476023,0.4906010304862027,0.0016353367682873422,1763.2068836799222,3887.2057826742375,33.06009461911454,355.855896848096,0.9989999999999999,0.9989999999999983,1.0,99.89999999999999,0.999238831815994,0.9966195902861884,1.3770833602624422,669.1969586111646,3.035951608672434,500.0,3361.0704283605364,-91.79704235772078,3582.2250552776377,81.6414686825053,0.012346871544295368,0.03627200066781701,1.0,nan,4.494872093200684,,0.3909287695046813,,True,W_fuel_max=500kg
300.0,500.0,cost,True,False,rescore,rescore,0.360974869214577,52.252035892278144,0.360974869214577,108.29246076437309,5076.582298961261,11191.948177719447,1.4862129026655355,3.276538586027481,0.01092179528675827,1454.3121917548597,3206.2095571023033,30.432539876322863,327.57313298168566,0.9926731541112458,0.9946297594382001,0.9969493025008412,99.26731541112459,0.9944755863908558,0.9758688687923689,6.7977549560710155,592.2874459546774,6.596856545668262,500.0,3196.04391923915,-63.60864256912919,4080.2536320593217,81.48236605812387,0.012736421322131403,0.03251002240962115,1.0,nan,4.4742255210876465,,0.3479428654574022,,True,W_fuel_max=500kg
300.0,550.0,cost,True,False,rescore,rescore,0.32744160331339534,48.81254944525941,0.32744160331339534,98.2324809940186,4749.055516310727,10469.875223442708,1.3219942821521355,2.91449850032285,0.009714995001076166,1240.464405632648,2734.755890195427,28.472157582638705,306.47175358996543,0.9932225217056089,0.9950260348511916,0.9966422019363138,99.32225217056089,0.9947594128612549,0.9770837133280719,5.9006658647666335,554.3075879337945,5.726488369182543,500.0,3080.3107828272828,-58.71799922771061,4077.874284683871,81.4780168084449,0.013184271555221505,0.032464883866395955,1.0,nan,4.637189626693726,,0.3149853022958598,,True,W_fuel_max=500kg
300.0,600.0,cost,True,False,rescore,rescore,0.29981845420627834,45.22060747266391,0.29981845420627834,89.94553626188349,4503.869009148909,9929.331503193636,0.18191738117482234,0.4010591738366268,0.001336863912788756,1084.2247859608833,2390.3064902456263,26.894171177804903,289.48644928954855,0.999,0.9989999999999988,0.9999999999999994,99.9,0.9992402708943345,0.9966254686028903,1.5752177309595132,535.4441668810465,3.4998377902869717,500.0,2992.469333918443,-58.641634804377645,3812.768119914592,81.64146868250539,0.013520472661143007,0.03421094991007501,1.0,nan,4.574866056442261,,0.2877918613644843,,True,W_fuel_max=500kg
300.0,650.0,cost,True,False,rescore,rescore,0.2825891400709427,43.67059054852472,0.2825891400709427,84.77674202128281,4349.469535218106,9588.93893017177,0.17589519634366133,0.3877825289251884,0.0012926084297506279,968.1144230776196,2134.326957607776,25.97219812014648,279.5624138902933,0.9989999999999998,0.999,0.9999999999999988,99.89999999999998,0.9992404326856753,0.996626088416896,2.2005670425948782,515.2385922160867,2.983701556336798,500.0,2937.832272486345,-22.587296920806693,3866.6918402015995,81.64146868250539,0.01376947324068395,0.03378767340753282,1.0,nan,4.596485376358032,,0.2708247276868319,,True,W_fuel_max=500kg
300.0,700.0,cost,True,False,rescore,rescore,0.2658549622184979,41.86138374430079,0.2658549622184979,79.75648866554937,4169.249858726773,9191.622554485497,0.1688851570330609,0.37232803768133144,0.0012410934589377714,863.5083080656386,1903.7099500737504,24.896043636230335,267.9787834308795,0.9990000000000002,0.999,0.9999999999999991,99.90000000000002,0.9992405929402884,0.9966267200511081,2.319407954257342,492.520104043251,2.8556986063124126,500.0,2873.956996622541,-48.45033243932244,3912.485327627619,81.64146868250539,0.014008846898431182,0.03344252633066308,1.0,nan,4.56833028793335,,0.25439875448356525,,True,W_fuel_max=500kg
300.0,750.0,cost,True,False,rescore,rescore,0.2535657505303723,40.64996053246037,0.2535657505303723,76.06972515911168,4048.576088346008,8925.582430446164,0.16419964900028633,0.361998260677651,0.0012066608689255034,783.7772226526505,1727.9329955116086,24.175458506040457,260.22246964190253,0.9989999999999999,0.9989999999999999,1.0,99.89999999999999,0.9992406841263234,0.9966271589417074,2.3689334928228307,477.1387103404924,2.7681459761132237,500.0,2831.082905810843,-44.18198164683736,3953.4183802670063,81.64146868213962,0.014126667091507339,0.03316015412739707,1.0,nan,4.570335865020752,,0.2423149818064302,,True,W_fuel_max=500kg
300.0,800.0,cost,True,False,rescore,rescore,0.24712438841814627,40.162326070178864,0.24712438841814627,74.13731652544388,4000.0,8818.4904872,0.1623260701788643,0.3578677264242186,0.001192892421414062,726.4070129729556,1601.4533334343441,23.8853937565001,257.10023866280477,0.999,0.9989999999999993,1.0,99.9,0.9992407047895908,0.9966270335236276,12.831597173416284,473.58363625663947,3.4161498601760734,500.0,2820.8460252684267,-2.2216738600825465,3883.055913706461,81.64146868250538,0.01416359292878483,0.03362503532661984,1.0,nan,4.630387306213379,,0.23592223615144775,,True,W_fuel_max=500kg
350.0,250.0,cost,True,False,rescore,rescore,0.7136362277674452,263.3076717572005,0.7136362277674452,249.77267971860581,4000.0,8818.4904872,223.30767175720052,492.3091447774132,1.4065975565068949,284.6885671644434,627.6308553385605,23.88539375648345,257.10023866262554,0.005664478184366854,0.2717204293550194,0.01535186389822293,0.5664478184366853,0.0979340547125772,0.02545165396794172,730.9321015815407,467.9565702348717,709.0048679408245,500.0,3051.650178302956,-29.186529801196798,4078.5340196003594,81.64146868253384,0.02124907748928436,0.03238159763726048,1.0,nan,4.4652509689331055,,0.7100156835619922,,True,W_fuel_max=500kg
350.0,300.0,cost,True,False,rescore,rescore,0.7693765353314338,241.70131064545555,0.7693765353314338,269.2817873660018,5695.220520245956,12555.8119950738,184.74910544299598,407.30205721694244,1.1637201634769785,1503.586391691906,3314.8405729546116,34.00814616401231,366.06063874779886,0.5340780214717704,0.6603866739474225,0.01534618359901489,53.407802147177044,0.47188691741860034,0.16828385797759132,480.7095343312558,665.0849501953945,466.2888133044892,500.0,3573.1081299451234,-43.68564849110953,4071.370497885532,81.64146868254282,0.010157749549402285,0.03267163603961725,1.0,nan,4.560431003570557,,0.7620805166913767,,True,W_fuel_max=500kg
350.0,350.0,cost,True,False,rescore,rescore,0.6905821988697647,205.57095648136251,0.6905821988697647,241.70376960441766,5695.842643207992,12557.183541429446,148.61253004928258,327.63454562958066,0.9360987017988018,1569.7882844236499,3460.790763276991,34.01186107688617,366.100625737179,0.6333651412610022,0.7325936495746485,0.18300482662049575,63.33651412610022,0.5757294050734856,0.23448570891061504,378.54354892541903,665.1568451894414,367.18888563653036,500.0,3542.282305876498,-40.63747179309394,4071.3762922076753,81.64146868266816,0.010364351207713798,0.0326716742183591,1.0,nan,4.576592683792114,,0.6823694494836848,,True,W_fuel_max=500kg
350.0,400.0,cost,True,False,rescore,rescore,0.6058536646755579,166.24698562394343,0.6058536646755579,212.04878263644525,5696.008915126364,12557.550108262058,109.28689647267979,240.9363642299845,0.68838961208567,1640.8957015567,3617.5557836662824,34.012853944468716,366.11131287489314,0.7302970460040566,0.8031730231274189,0.401896927546807,73.02970460040567,0.6883771767419291,0.3322057977145455,278.638472137553,665.1788575647638,270.28098641012394,500.0,3511.1913852318357,-41.79399696439259,4071.3066644244236,81.64146868264139,0.010632494290436098,0.03267212146817799,1.0,nan,4.47185492515564,,0.5965796418955327,,True,W_fuel_max=500kg
350.0,450.0,cost,True,False,rescore,rescore,0.5124887324333446,122.87101938542544,0.5124887324333446,179.3710563516706,5696.187084914906,12557.9429054084,65.90914853627638,145.30479984665126,0.4151565709904322,1720.7209724440215,3793.540381655784,34.01391785835611,366.12276474866815,0.8369987692378189,0.8809640436684515,0.6421082248652584,83.69987692378189,0.8123183829689594,0.49313561329310823,168.5185952993912,665.2028353346525,163.4661850580473,500.0,3475.4126335713136,-42.87558813369196,4071.222134457297,81.64146868264297,0.010847438821077082,0.03267266166534589,1.0,nan,4.450625896453857,,0.5020505554848178,,True,W_fuel_max=500kg
350.0,500.0,cost,True,False,rescore,rescore,0.3891801290650036,56.82088810134132,0.3891801290650036,136.21304517275126,5654.2463426762215,12465.479396293913,0.2784246745790999,0.613821336044387,0.0017537752458411059,1891.4508734000697,4169.935383521161,33.76347507276803,363.42702104008686,0.999,0.999,0.9999999999999998,99.9,0.9992036814171354,0.9964569713856581,118.71139331144622,807.5001923486892,116.01286904808677,500.0,3509.107013961364,-441.3265138472043,2392.9705376126794,81.64146868250538,0.01100864477180552,0.055849882174685055,1.0,nan,4.464854001998901,,0.37701340525242477,,True,W_fuel_max=500kg
350.0,550.0,cost,True,False,rescore,rescore,0.340590540789705,53.6517485809597,0.340590540789705,119.20668927639676,5326.9085077642285,11743.823000475899,0.38266350331740956,0.8436286159508005,0.0024103674741451442,1622.514562156102,3577.032307929265,31.80882680262309,342.3873621640701,0.9986321365165921,0.999,0.9990348507295832,99.86321365165921,0.9988394100255523,0.9948460458811218,1.326379982534013,639.0180589037456,3.883901188946663,500.0,3284.7783906634204,-75.74968370524175,3679.907471613956,81.6414686832454,0.011339836612946325,0.03540468017499172,1.0,nan,4.531654357910156,,0.3290513496230505,,True,W_fuel_max=500kg
350.0,600.0,cost,True,False,rescore,rescore,0.3091876514473206,50.01220722692856,0.3091876514473206,108.2156780065622,4976.670638946803,10971.68067186998,0.24550083746053475,0.5412366999363398,0.0015463905712466853,1393.4000862488544,3071.921351362296,29.717434451914325,319.87580225484896,0.998999999999993,0.9989999999999994,1.0,99.8999999999993,0.9992046891020214,0.9964635907053574,1.3088158393797262,595.3515024051403,3.634926882001687,500.0,3160.309391067399,-68.0714916058032,3722.6984082292793,81.64146868250538,0.011695527358223046,0.035010303934066574,1.0,nan,4.556074619293213,,0.2981753860385621,,True,W_fuel_max=500kg
350.0,650.0,cost,True,False,rescore,rescore,0.2858486359113983,47.37697775036399,0.2858486359113983,100.0470225689894,4714.405290906372,10393.484552665797,0.23292484130026672,0.5135113743097429,0.001467175355170694,1221.1951776671303,2692.274514318026,28.15135667525653,303.0186813613045,0.998999999999997,0.9989999999999988,1.0,99.8999999999997,0.999204979827122,0.9964647309535564,1.6960707704356315,561.5640747494169,3.5406536603774064,500.0,3067.1649646500578,-61.24473886568239,3784.4183304755406,81.64146868250536,0.012077704224780578,0.034478886856067495,1.0,nan,4.503158330917358,,0.275226968205337,,True,W_fuel_max=500kg
350.0,700.0,cost,True,False,rescore,rescore,0.2676965882611285,45.32755278682618,0.2676965882611285,93.69380589139499,4510.437174626302,9943.811829388824,0.22318104056316318,0.49202997078241295,0.0014057999165211798,1087.1235989308598,2396.6972788956036,26.93339198247625,289.90861851750225,0.999,0.999,0.9999999999999956,99.9,0.9992051755953909,0.996465403690728,2.0257235821363664,535.4485605943098,3.364939482417104,500.0,2994.83443806749,-55.85723016595375,3833.741516475791,81.64146868250538,0.012428166556109649,0.034060312151637746,1.0,nan,4.619523763656616,,0.25737639177185806,,True,W_fuel_max=500kg
350.0,750.0,cost,True,False,rescore,rescore,0.2555729110955572,44.78709906090676,0.2555729110955572,89.45051888344501,4348.986941655843,9587.874993487269,1.2972296443483273,2.859901819599891,0.008171148055999689,977.6326765895991,2155.3111146203137,26.07267362806627,280.6439232566154,0.9943521321688158,0.995844327299803,0.9961320692895739,99.43521321688158,0.9952224093907807,0.9790440545862636,4.525220838233389,507.953917445425,4.39071770102717,500.0,2938.76839785822,-49.171313080782056,4071.7978232590676,81.47948651483168,0.012718900705361469,0.03241875832324022,1.0,nan,4.414226770401001,,0.24549498261481695,,True,W_fuel_max=500kg
350.0,800.0,cost,True,False,rescore,rescore,0.24346506182970493,43.360383957513676,0.24346506182970493,85.21277164039672,4214.989230606263,9292.460608437945,1.2104916514510438,2.668677278289012,0.007624792223682892,889.8748405562768,1961.8382040610359,25.27032670102313,272.0075328108007,0.9947114556688671,0.996104053507416,0.9958047881218771,99.4711455668867,0.995406777796845,0.979839391684125,4.1150529122745185,492.3797195271811,3.9926133436747726,500.0,2891.4165850977115,-46.528685434406725,4072.2150782788817,81.4778990705587,0.012902388284572408,0.032396805651404514,1.0,nan,4.408337116241455,,0.23358476431352415,,True,W_fuel_max=500kg
400.0,250.0,cost,True,False,rescore,rescore,0.6963513963224865,289.90955704720284,0.6963513963224865,278.5405585289946,4000.0,8818.4904872,249.90955704720284,550.956262870281,1.3773906571757024,380.7193847393095,839.3425681540593,23.885393756500097,257.10023866280477,0.001000000000000068,0.19798241558760876,0.33187270763552335,0.10000000000000679,0.11816339099422153,0.030401599609387608,804.9386795384853,565.6255845726083,782.0557207397007,500.0,3117.901069618686,-445.60357442784766,2428.5424120029415,81.64146868250538,0.016649448640962572,0.054017175581787084,1.0,nan,3.746267795562744,,0.693492939283599,,True,W_fuel_max=500kg
400.0,300.0,cost,True,False,rescore,rescore,0.6911519754952559,297.6076199399289,0.6911519754952559,276.46079019810236,4000.0,8818.4904872,257.6076199399289,567.927586467624,1.41981896616906,250.88193146123416,553.099981500314,23.885393756499596,257.10023866279937,0.01177093916328747,0.2761671028027968,0.01611630409655884,1.177093916328747,0.09093252490037941,0.023395249450805445,726.4692325142677,467.95657023524893,704.6755655236059,500.0,3050.3511154750286,-27.410154355533336,4078.534019581495,81.64146868250624,0.020638858356365062,0.03238159763736153,1.0,nan,4.265664577484131,,0.6884605425019251,,True,W_fuel_max=500kg
400.0,350.0,cost,True,False,rescore,rescore,0.7309459918158094,268.3906551389949,0.7309459918158094,292.3783967263238,5695.5789522651585,12556.60220241171,211.43486561634327,466.1340877750334,1.1653352194375834,1472.5415244235314,3246.3983562839744,34.01028648652303,366.0836769875671,0.5235786532520555,0.6527560091088762,0.015919296855324446,52.35786532520555,0.4722381547308523,0.16817138599134765,491.5405193469415,665.1286771940149,476.7947115476365,500.0,3576.4901135336877,-40.74125256649222,4071.315177034609,81.64146868250403,0.009338667247529858,0.03267201821404499,1.0,nan,4.403140306472778,,0.7247906051544095,,True,W_fuel_max=500kg
400.0,400.0,cost,True,False,rescore,rescore,0.6615807977226353,231.76565243902354,0.6615807977226353,264.63231908905414,5695.987257854982,12557.502362151643,174.80577986047373,385.38077670179126,0.9634519417544781,1537.8058254954133,3390.281510823011,34.01272462144099,366.10992085340786,0.6169205830110923,0.7206281443375807,0.14499948971852586,61.692058301109235,0.5642337213204817,0.22589946998591956,395.4918197960361,665.174767585675,383.62798187358874,500.0,3547.5318928600213,-39.128987908078216,4071.3468470639946,81.64146868253826,0.009446134413623741,0.03267187216483474,1.0,nan,4.467417001724243,,0.654709641972482,,True,W_fuel_max=500kg
400.0,450.0,cost,True,False,rescore,rescore,0.5879204070110431,192.32703953041013,0.5879204070110431,235.16816280441725,5696.127104277254,12557.810670737763,135.36576848763758,298.4304354251874,0.7460760885629685,1605.3738203076643,3539.243440695765,34.013559693164005,366.118909490626,0.7033422435601732,0.783537827913246,0.3408280754569686,70.33422435601732,0.6629566860766083,0.30674427247732394,306.4412540719052,665.193023522001,297.24895066745586,500.0,3520.0016605923192,-40.138495077346306,4071.2948533969725,81.64146868252904,0.009694676195065963,0.03267220800957515,1.0,nan,4.390247821807861,,0.5801856194390174,,True,W_fuel_max=500kg
400.0,500.0,cost,True,False,rescore,rescore,0.5071034294498856,149.02670671410505,0.5071034294498856,202.84137177995424,5696.274520380386,12558.135667613544,92.06396151030118,202.96629219813448,0.5074157304953362,1680.4712662282475,3704.804968811685,34.01443996608393,366.12838466947824,0.7980425974945561,0.8525510483987957,0.5546814806939392,79.80425974945561,0.7710765374418633,0.4306952571862088,208.7458426890213,665.212456024332,202.48444638167012,500.0,3488.788175295265,-41.096927299345225,4071.23525754548,81.64146868252595,0.009898301468688142,0.03267259144965352,1.0,nan,4.559226036071777,,0.49842388990593284,,True,W_fuel_max=500kg
400.0,550.0,cost,True,False,rescore,rescore,0.37928728140428364,62.95640294260848,0.37928728140428364,151.71491256171345,5607.988945609631,12363.499292295322,6.8765134865121675,15.160117191477514,0.03790029297869379,1918.240419062314,4228.99622191589,33.48725603699645,360.4538240836516,0.999,0.9434169922771231,1.0,99.9,0.982693814954988,0.9271012335122965,256.93134768429366,966.8264809705248,251.0439678885499,500.0,3611.374393194783,-842.3747298350245,1930.8367616388252,81.64146868250539,0.00990810384493468,0.08214037730212513,1.0,nan,4.5177977085113525,,0.3688765864690852,,True,W_fuel_max=500kg
400.0,600.0,cost,True,False,rescore,rescore,0.32680183408596536,55.91629409115792,0.32680183408596536,130.72073363438614,5559.249648111993,12256.04753446139,0.32379761003799534,0.7138515359745393,0.0017846288399363482,1773.7306178814194,3910.406645160669,33.196216708959874,357.3211028289265,0.999,0.9989999999999998,1.0,99.9,0.999177951918379,0.9963415603948939,1.5802119978887164,668.8565125383931,3.223017740912119,500.0,3367.9986445526038,-80.23896418731192,3638.8925493625457,81.6414686825054,0.010278426353151043,0.03578240236519545,1.0,nan,4.609683036804199,,0.316390900473831,,True,W_fuel_max=500kg
400.0,650.0,cost,True,False,rescore,rescore,0.29734689806511383,52.20471912542157,0.29734689806511383,118.93875922604552,5190.201057118127,11442.434662212898,0.3027085542402972,0.6673581264905315,0.0016683953162263288,1531.9469394352345,3377.364878076193,30.99249898116737,333.6004826232529,0.999,0.9989999999999997,1.0,99.9,0.9991783870671251,0.9963434213931673,1.9334523942598312,621.4231759549216,3.1917650512844653,500.0,3236.444394720413,-70.73610076765772,3707.642225106204,81.64146868250539,0.010609554089923923,0.03516168876374525,1.0,nan,4.617473363876343,,0.2874262885101268,,True,W_fuel_max=500kg
400.0,700.0,cost,True,False,rescore,rescore,0.27503598352560077,49.395354760539135,0.27503598352560077,110.0143934102403,4910.8528945746275,10826.577383711234,0.2868258147928652,0.6323426798085676,0.0015808566995214191,1348.8108546057917,2973.6189225933194,29.324413766790784,315.6453628082653,0.9989999999999988,0.999,1.0,99.89999999999988,0.9991786819672355,0.9963446651576976,1.8592741901844352,585.6498637178431,3.571783730579215,500.0,3136.82169725851,-63.18195587035052,3766.2189438092087,81.64146868250542,0.010951628711382999,0.034660534439821186,1.0,nan,4.510482549667358,,0.2654843650257126,,True,W_fuel_max=500kg
400.0,750.0,cost,True,False,rescore,rescore,0.25760016295770244,47.19220053373489,0.25760016295770244,103.04006518308097,4691.777863164984,10343.59961359399,0.27442190208504347,0.6049967332540714,0.0015124918331351786,1205.120302361245,2656.835480576057,28.016240419931577,301.56430209314544,0.9989999999999986,0.998999999999999,1.0,99.89999999999985,0.9991788847699413,0.9963454155092826,2.381597409851485,557.8174756100943,3.117084628151903,500.0,3059.2767336209768,-58.391556981706344,3811.215067132007,81.64146868250538,0.011298988076560434,0.03427335913168176,1.0,nan,4.3407206535339355,,0.24833307784614436,,True,W_fuel_max=500kg
400.0,800.0,cost,True,False,rescore,rescore,0.24607550685772786,46.765562077528976,0.24607550685772786,98.43020274309114,4517.4487393885165,9959.269683677816,1.591074683643811,3.507719240534424,0.008769298101336061,1086.9011233142103,2396.2068041183393,27.0755839021032,291.4391596023467,0.9941795891393175,0.9957233364049305,0.9966033025388955,99.41795891393174,0.9950695761121612,0.9783648286801173,4.832475207577504,527.5344928569696,4.688594115656701,500.0,2998.00181189114,-49.90745435263352,4073.646272931137,81.49007484968976,0.011635839166696221,0.032442091837816496,1.0,nan,4.339632749557495,,0.23704169947340353,,True,W_fuel_max=500kg
450.0,250.0,cost,True,False,rescore,rescore,0.6918069306397108,322.43777754072846,0.6918069306397108,311.3131187878698,4000.0,8818.4904872,282.43777754072846,622.668713617206,1.38370825248268,410.3295491696055,904.6218064923078,23.885393756500108,257.1002386628049,0.000999999999999999,0.05554217112422632,0.6264349630484558,0.0999999999999999,0.11386076237186842,0.02907582857677252,947.8977220482458,577.2558530352812,922.2120224622582,500.0,3164.4795082927394,-685.283143107266,2339.1629639228613,81.64146868250536,0.01516669946597271,0.05660068294941118,1.0,nan,4.579343557357788,,0.6896821818821508,,True,W_fuel_max=500kg
450.0,300.0,cost,True,False,rescore,rescore,0.685812402045287,337.83447583839995,0.685812402045287,308.61558092037916,4026.8726198471913,8877.73447282215,297.5657496399281,656.0201831290607,1.4578226291756904,230.5711279910283,508.3223247029642,24.045859533069574,258.82747790674637,0.0010000000000000185,0.26725350022837796,0.013876047055646903,0.10000000000000185,0.07315106080238519,0.018685646331532822,740.2297121235961,471.10137068518617,718.0237241883459,500.0,3063.781194502126,-41.08936463347209,4077.3747981979527,81.64146868252278,0.021585926835290314,0.03238979609484068,1.0,nan,4.631495475769043,,0.6839010708174104,,True,W_fuel_max=500kg
450.0,350.0,cost,True,False,rescore,rescore,0.7624195316994229,331.2034042782761,0.7624195316994229,343.0887892647403,5695.633378660801,12556.722192074767,274.24707049166807,604.6112955683107,1.343580656818468,1374.155074195032,3029.493362431625,34.01061059507156,366.0871656629488,0.410896429742214,0.5709238972211388,0.016452819917622784,41.089642974221405,0.3914362132797197,0.12700980682612778,607.3834368485956,665.1311533315268,589.1622102294237,500.0,3610.971747481642,-38.21246708259514,4071.4128788640946,81.64146975122246,0.009094926173831678,0.03267142503325737,1.0,nan,4.467785596847534,,0.7575636283085738,,True,W_fuel_max=500kg
450.0,400.0,cost,True,False,rescore,rescore,0.6788898930866618,265.0231516685053,0.6788898930866618,305.5004518889978,5591.4717414929355,12327.085090450768,209.10843425357592,461.00518456461145,1.0244559656991366,1587.739005362718,3500.3653287368797,33.38862605597552,359.39217980354056,0.40092224130406623,0.5255658300509244,1.0,40.09222413040662,0.527834849104083,0.20092995583152456,659.646696617777,958.9517201529015,642.5023505669062,500.0,3725.297761824387,-847.1611415062953,1939.4475172931889,81.64146868250538,0.011086653141401392,0.08134287440948453,1.0,nan,4.464116334915161,,0.6721354527111818,,True,W_fuel_max=500kg
450.0,450.0,cost,True,False,rescore,rescore,0.6408805858160864,259.20449288149564,0.6408805858160864,288.3962636172389,5696.106851179647,12557.766020300614,202.2434243696992,445.8704284757363,0.990823174390525,1504.94941411876,3317.8455230308746,34.01343875487962,366.11760772176694,0.6012570260781182,0.7092331669736391,0.10851195752436801,60.12570260781182,0.5524693664441912,0.2174634280222272,411.6314831630075,665.1892509056003,399.28304073575856,500.0,3552.5051775544903,-37.88320968296421,4071.331101719221,81.64146868250697,0.008740105827739087,0.032671983028033945,1.0,nan,3.98982310295105,,0.6350576088596795,,True,W_fuel_max=500kg
450.0,500.0,cost,True,False,rescore,rescore,0.5757427860280468,219.67019389305332,0.5757427860280468,259.0842537126211,5696.226609218135,12558.030041581409,162.70792780087197,358.7095783760035,0.7971323963911189,1569.7195186280867,3460.6391606484863,34.01415387185772,366.12530517685667,0.6792579448008004,0.7659991740770435,0.2859090967186164,67.92579448008004,0.640384572242149,0.28582931825969393,331.276008645766,665.2053365439915,321.3382465171145,500.0,3527.799890373702,-38.786140923237326,4071.2750760878916,81.6414686825047,0.008968720880012007,0.03267234125416733,1.0,nan,3.9473516941070557,,0.5691984585696155,,True,W_fuel_max=500kg
450.0,550.0,cost,True,False,rescore,rescore,0.5044746628819861,176.39260222478367,0.5044746628819861,227.01359829689372,5696.348794632394,12558.299414309738,119.42911427845974,263.29612703982974,0.585102504532955,1641.270124529617,3618.381245022497,34.01488348354168,366.13315865166174,0.7644832858744665,0.8280853062501019,0.4790272940535845,76.44832858744664,0.7363862169289437,0.3853733850664283,243.38547105633435,665.2227161396881,236.0856189549284,500.0,3500.057140040797,-39.68310625789445,4071.193295754011,81.6414686825032,0.009159458682494986,0.03267285794129809,1.0,nan,4.203352451324463,,0.49714270343615286,,True,W_fuel_max=500kg
450.0,600.0,cost,True,False,rescore,rescore,0.38539104746195624,86.6058702791361,0.38539104746195624,173.42597135788031,5605.376025043374,12357.738788505987,30.55211002870236,67.35587291299987,0.14967971758444415,1872.962255673777,4129.174958635964,33.47165337785158,360.2858784583538,0.9814344840542927,0.781058556493372,1.0,98.14344840542927,0.9316543305995603,0.7531998044867447,305.14998361569974,977.5785318712336,297.5479468925256,500.0,3630.5140766074105,-842.7055050915333,1911.118423816019,81.64146868250539,0.008959078318881958,0.08390936317750713,1.0,nan,3.90441632270813,,0.3767261818488132,,True,W_fuel_max=500kg
450.0,650.0,cost,True,False,rescore,rescore,0.3189860307821291,57.017271047730404,0.3189860307821291,143.5437138519581,5663.619850196005,12486.14444301764,0.3810725457703491,0.8401211549522275,0.0018669358998938388,1876.5453330814184,4137.074292144511,33.819447552265416,364.0295037951978,0.9989999999999998,0.999,1.0,99.89999999999998,0.9991576617795181,0.9962468658660157,90.20547523266497,784.4150202240886,87.91656655676543,500.0,3491.3750358842976,-348.93435556572695,2536.389530149353,81.64146868250538,0.009455294143943166,0.05201033400484823,1.0,nan,3.884683132171631,,0.3095258164795788,,True,W_fuel_max=500kg
450.0,700.0,cost,True,False,rescore,rescore,0.2877271696511563,54.24721885513814,0.2877271696511563,129.47722634302033,5388.4522144138855,11879.503648385156,0.36269671099927747,0.799609373921464,0.0017769097198254756,1660.4699735949414,3660.7096666070565,32.176325719840136,346.34308758723216,0.999,0.9989999999999999,1.0,99.9,0.9991580283160268,0.9962502512738779,2.2259995542382476,645.3290792694178,3.2648808247480208,500.0,3306.8254684670123,-72.30786170205465,3700.618393753683,81.64146868250538,0.00974559450289586,0.03524463562125713,1.0,nan,3.6623382568359375,,0.27867362759592645,,True,W_fuel_max=500kg
450.0,750.0,cost,True,False,rescore,rescore,0.26637759422147306,51.28988623636412,0.26637759422147306,119.86991739966288,5094.652522382869,11231.786201055706,0.3433610125354222,0.7569814556797452,0.001682181012621656,1468.1166688480234,3236.643219584012,30.42194538741532,327.459094852174,0.999,0.9989999999999992,1.0,99.9,0.999158324786196,0.9962515228376811,2.1010730534234865,607.9962002627389,3.5491897757832387,500.0,3202.0267582298306,-64.87462676570203,3753.5066156090984,81.64146868250538,0.0100591820118065,0.03478792479649526,1.0,nan,4.172875165939331,,0.2576713129277253,,True,W_fuel_max=500kg
450.0,800.0,cost,True,False,rescore,rescore,0.21802941291094802,41.782795508781035,0.21802941291094802,98.1132358099266,4127.8922930655135,9100.444729646106,0.5038725781258985,1.1108488842410436,0.002468553076091208,1125.7708677552953,2481.89992201674,24.649083201072965,265.3205234303739,0.9986408452501188,0.9989999999999999,0.9970925036553476,99.86408452501188,0.9984886813009741,0.9932842496976602,1.0348975839346612,482.8885142775388,1.0039289228664756,500.0,2855.696067895826,-678.2981935162043,4074.60059356314,81.64146868250539,0.011616027623889719,0.03241310779544411,1.0,nan,3.5949578285217285,,0.21042959308371098,,True,W_fuel_max=500kg
500.0,250.0,cost,True,False,rescore,rescore,0.6878017252181448,369.7872962544491,0.6878017252181448,343.90086260907236,4000.0000000000123,8818.490487200028,329.78729625444896,727.0565337048166,1.4541130674096332,282.98041599095484,623.8650266200335,23.885393756500207,257.1002386628059,0.0009999999999999983,0.06307486890653355,0.3775290192368943,0.09999999999999983,0.06889678237815315,0.017349694892874603,940.3375883361236,526.1192887910315,913.2659078110835,500.0,3138.8423896136146,-452.39401151965296,2827.4142265993746,81.6414686825053,0.016903078602209853,0.045252442618234905,1.0,nan,4.017266273498535,,0.6865755604459158,,True,W_fuel_max=500kg
500.0,300.0,cost,True,False,rescore,rescore,0.6870337272504655,380.37275923712144,0.6870337272504655,343.51686362523276,4104.251451065526,9048.325594574535,339.33024472646616,748.0951337848975,1.496190267569795,235.6316685939124,519.4789069946198,24.50791549606392,263.80100689992406,0.000999999999999989,0.2677063363292241,0.014057244957711759,0.0999999999999989,0.06607073435045065,0.016777845316098956,753.620065992447,480.13062079635137,731.0122132111181,500.0,3094.8025240670495,-42.1201007457463,4075.1809613286878,81.64146868256006,0.02159617469392453,0.03240774876220797,1.0,nan,4.019450664520264,,0.6856753819529705,,True,W_fuel_max=500kg
500.0,350.0,cost,True,False,rescore,rescore,0.67461121709626,374.48014151431664,0.67461121709626,337.30560854813,4037.2632375752046,8900.641863719804,334.1075091385646,736.5809727601297,1.4731619455202594,198.66912654021164,437.99045062379736,24.107905531999762,259.49533548094615,0.000999999999999998,0.26798567519650923,0.013357028395762085,0.09999999999999981,0.06601238194486887,0.016762253956962816,741.3494324703391,472.3143954740894,719.1092388930277,500.0,3067.750118929436,-37.160869864296274,4077.0438987178586,81.64146868255919,0.02157478070362258,0.03239231892020408,1.0,nan,3.686337471008301,,0.6732874888877391,,True,W_fuel_max=500kg
500.0,400.0,cost,True,False,rescore,rescore,0.7351656509440536,360.3676199020523,0.7351656509440536,367.5828254720268,5695.863374118234,12557.229245263135,303.40898616087,668.902314547657,1.337804629095314,1344.8222308444963,2964.8255124193183,34.011984868507966,366.10195821910634,0.4121657471728282,0.5718450142303622,0.017016032014478055,41.216574717282825,0.39458328746276095,0.12828322316300586,606.1033369365182,665.1617523625076,587.9205018956878,500.0,3610.6768562434518,-36.67845896654762,4071.312581411916,81.6414686825082,0.008565603959622355,0.03267206787659746,1.0,nan,4.259880304336548,,0.7309785635729911,,True,W_fuel_max=500kg
500.0,450.0,cost,True,False,rescore,rescore,0.6823454695792769,325.46785208605337,0.6823454695792769,341.1727347896384,5696.024768357711,12557.585058654515,268.50760440247626,591.9579387910244,1.1839158775820489,1407.0928783720715,3102.108790632745,34.01294860975013,366.1123318435019,0.5008938801556121,0.6362727216401791,0.017025129189317905,50.08938801556121,0.4649809938074604,0.16373962247139207,514.9125844653512,665.183010507696,499.4654711917182,500.0,3583.6511275490516,-37.08001518166702,4071.247761558116,81.64146868250558,0.008256116965862394,0.03267248504476817,1.0,nan,4.146764516830444,,0.6778137577078838,,True,W_fuel_max=500kg
500.0,500.0,cost,True,False,rescore,rescore,0.6261243055189861,287.9717625172539,0.6261243055189861,313.0621527594931,5696.206348476746,12557.985374292608,231.00969903248645,509.2892083422292,1.0185784166844585,1470.984330658667,3242.9653316834288,34.01403288791184,366.1240029165013,0.5859944442390459,0.6981320023957157,0.07270314019583958,58.599444423904586,0.5403358547195923,0.20909338900064883,427.3543872355509,665.2041724570707,414.534107649794,500.0,3557.328308902825,-36.83562868844774,4071.244933350725,81.64146868250398,0.008179194493242087,0.03267252394732337,1.0,nan,4.174607992172241,,0.6211465711627169,,True,W_fuel_max=500kg
500.0,550.0,cost,True,False,rescore,rescore,0.5677661361629996,248.3681764703627,0.5677661361629996,283.8830680814998,5696.310361401453,12558.214683539376,191.40507285634817,421.9759535463823,0.8439519070927646,1533.4672551150645,3380.716600416223,34.014653985327556,366.13068835344416,0.6570769421096876,0.7498511441315695,0.23499667363283602,65.70769421096875,0.6195953086526553,0.2678352066845086,354.14190858984523,665.219296600971,343.5180033989152,500.0,3534.927214694914,-37.65837433481056,4071.166937584234,81.64146868250383,0.008389710126345568,0.03267301524841309,1.0,nan,4.331502199172974,,0.562173512964287,,True,W_fuel_max=500kg
500.0,600.0,cost,True,False,rescore,rescore,0.46755058071832384,162.99316998746602,0.46755058071832384,233.77529035916191,5600.192247717294,12346.310515746536,106.99124751029308,235.87532459579506,0.47175064919159015,1748.387818735109,3854.5353368629794,33.440699237206715,359.9526908614262,0.7734440778573445,0.683299932738723,1.0,77.34440778573445,0.784121129044333,0.4485980648066054,441.003047556383,985.3673738704554,430.20336174177635,500.0,3674.3291314123408,-844.6092687591927,1896.2417298824023,81.64146868250539,0.008907262868699639,0.08528239225973526,1.0,nan,3.497227907180786,,0.46046208562896995,,True,W_fuel_max=500kg
500.0,650.0,cost,True,False,rescore,rescore,0.3923308037459582,111.93138044602819,0.3923308037459582,196.1654018729791,5603.1779463910125,12352.892854584494,55.89960098211805,123.23752487477095,0.2464750497495419,1829.2032959110416,4032.7029660366015,33.458527884321725,360.1445968218233,0.9135662381735258,0.7515774313484727,0.9999999999999977,91.35662381735258,0.8874915821712727,0.638397628732087,346.10752580227035,987.5311790019905,337.1499584052281,500.0,3646.9495236443304,-843.195056712434,1893.6296301860573,81.64146868250538,0.008576232183735488,0.0855410183450131,1.0,nan,4.10200572013855,,0.3847625071654709,,True,W_fuel_max=500kg
500.0,700.0,cost,True,False,rescore,rescore,0.31052769813922027,56.4974195845144,0.31052769813922027,155.26384906961013,5606.938548302913,12361.183562631053,0.42803410148526744,0.9436536630362575,0.001887307326072515,1918.5020781432424,4229.573081444903,33.48098374867852,360.3863097340896,0.9989999999999998,0.999,0.9999999999999988,99.89999999999998,0.9991416851195882,0.9961738539025197,238.2928374709384,988.388604091169,232.37332988411364,500.0,3614.387318050125,-837.6932177936324,1893.4416928656672,81.64146868250539,0.008808426681597453,0.08557174935587043,1.0,nan,4.115134954452515,,0.3020335917233748,,True,W_fuel_max=500kg
500.0,750.0,cost,True,False,rescore,rescore,0.27971920208360457,56.157542979802045,0.27971920208360457,139.85960104180228,5573.233637395693,12286.876953579243,0.4252066058451088,0.9374201021849229,0.0018748402043698457,1780.1551680949553,3924.5703538963203,33.27971998154185,358.219924574501,0.999,0.999,0.9999999999999998,99.9,0.9991418042024014,0.9961759258503754,2.2058576242342363,667.4291153897545,3.7458264234134795,500.0,3372.2179196344296,-73.09873166415127,3698.47689036513,81.64146868250538,0.009038978480191417,0.035289443886586974,1.0,nan,4.049231767654419,,0.27137354837126954,,True,W_fuel_max=500kg
500.0,800.0,cost,True,False,rescore,rescore,0.2592764588324079,53.07358562441749,0.2592764588324079,129.63822941620396,5267.127761434683,11612.029014769696,0.40230801007066025,0.8869373399331199,0.0017738746798662396,1580.0013531150985,3483.306725552156,31.451855136915068,338.54495113308525,0.999,0.9989999999999998,1.0,99.9,0.9991420988797929,0.9961771674107177,2.615296037469901,628.8499554527247,3.2916571610394336,500.0,3263.407702235048,-66.74709260549207,3744.3258762320797,81.64146868250539,0.009331184829486888,0.034882085350801874,1.0,nan,4.075572729110718,,0.25125649866982097,,True,W_fuel_max=500kg
550.0,250.0,cost,True,False,rescore,rescore,0.6839415082621151,403.33457384423747,0.6839415082621151,376.1678295441633,4053.8995761004758,8937.318711976539,362.7955780832327,799.8273385313032,1.4542315246023694,361.13982167937945,796.177020507178,24.207246906117394,260.5646371326212,0.0010000000000000002,0.025205365589955894,0.5796569635898808,0.10000000000000002,0.08036059918856844,0.020109662410288644,991.1897321844965,570.1634380339214,963.0600730937977,500.0,3189.4615903614595,-690.2448205281682,2454.3847583670104,81.641468682505,0.014991775697749121,0.05336367767759022,1.0,nan,3.2640554904937744,,0.6830243236897577,,True,W_fuel_max=500kg
550.0,300.0,cost,True,False,rescore,rescore,0.6901592999796574,424.33745257580995,0.6901592999796574,379.5876149888116,4184.215382525122,9224.615886798423,382.49529875055873,843.2577883576311,1.5331959788320564,240.83864663731376,530.9583285803184,24.985407993325733,268.9406933651012,0.0009999999999999942,0.2681398346637282,0.014237340213504162,0.09999999999999942,0.060295882641575656,0.015238514470219414,767.4658765927912,489.4506075101281,744.4425349573257,500.0,3126.8523147795217,-43.129578308983355,4073.664106927548,81.64146868263374,0.0215104303338613,0.032424148354101116,1.0,nan,4.358355760574341,,0.6892447072241116,,True,W_fuel_max=500kg
550.0,350.0,cost,True,False,rescore,rescore,0.6775802169830047,417.6230296740428,0.6775802169830047,372.6691193406526,4114.57857259652,9071.093000319841,376.4772439480776,829.9902486008491,1.509073179274271,203.06333168476934,447.6780146903192,24.56958233710767,264.46478325260045,0.0009999999999999937,0.2686084446331147,0.013374099397340054,0.09999999999999937,0.060262178208412995,0.015228542153832743,754.5368364944932,481.3352256379864,731.900948369248,500.0,3098.6893060864973,-38.0158050780808,4074.9282112951273,81.64146868254498,0.021573941787511843,0.03241005854540153,1.0,nan,3.6735754013061523,,0.6767027694712054,,True,W_fuel_max=500kg
550.0,400.0,cost,True,False,rescore,rescore,0.6684664736508149,412.7433616937784,0.6684664736508149,367.6565605079482,4063.6924445804057,8958.908291359705,372.1064372479744,820.3542692742865,1.491553216862339,175.34069359411893,386.560059619697,24.265723536009393,261.1940743382498,0.000999999999999992,0.2681903121330882,0.013498941214746171,0.0999999999999992,0.06016975173491674,0.015204976835743641,745.869507115983,475.3990963409882,723.4936003951318,500.0,3078.330874006939,-34.56391973398195,4076.2490855319006,81.64146868253897,0.02156868454084244,0.03239859309825676,1.0,nan,4.191946983337402,,0.6676152052896323,,True,W_fuel_max=500kg
550.0,450.0,cost,True,False,rescore,rescore,0.714717497906862,390.88175413867987,0.714717497906862,393.0946238487741,5696.040545300964,12557.619840860514,333.92134868567024,736.1705592143943,1.3384919258443533,1313.2055948117606,2895.1227613963324,34.013042819333194,366.1133459070144,0.40997087422896383,0.5702520960147972,0.017543566090673396,40.997087422896385,0.3945629245864128,0.12812538155381842,608.3766958261074,665.179867756706,590.1255921081075,500.0,3611.4090459774297,-35.46755906387261,4071.3742627169386,81.64146868255646,0.008149904831281304,0.03267171014641361,1.0,nan,3.972508192062378,,0.7110901835370743,,True,W_fuel_max=500kg
550.0,500.0,cost,True,False,rescore,rescore,0.6672623903113516,356.0434354837361,0.6672623903113516,366.9943146712434,5696.174210859879,12557.914522975452,299.0816933751373,659.362266981079,1.1988404854201435,1372.2869926416033,3025.374947579569,34.013840982964474,366.12193726883936,0.4886422772888031,0.6273723378308527,0.017542332620410318,48.86422772888031,0.4584743577772066,0.1600561217168004,527.5259186705555,665.1962083501367,511.70033823943186,500.0,3587.4699952303836,-35.84019807750474,4071.3527695093253,81.64146868255085,0.00788308367463891,0.03267185796986862,1.0,nan,4.461227178573608,,0.6633345085039709,,True,W_fuel_max=500kg
550.0,550.0,cost,True,False,rescore,rescore,0.5869878999125333,279.4181162845847,0.5869878999125333,322.8433449518933,5592.606582823694,12329.586987320712,223.49205045634773,492.7156302285312,0.8958466004155113,1570.0855588546428,3461.446141212441,33.395402588984595,359.4651217977861,0.5197393683530226,0.552662301295929,0.9999999999999943,51.97393683530226,0.5882684982224856,0.24269950236077426,622.0948672316731,992.8103085618372,605.3871364472742,500.0,3729.2664032423363,-846.1998594236334,1881.5665087951709,81.64146868250538,0.009298843754770164,0.08666999957956864,1.0,nan,3.627852201461792,,0.5815019314121607,,True,W_fuel_max=500kg
550.0,600.0,cost,True,False,rescore,rescore,0.529666500668633,236.35005557466724,0.529666500668633,291.31657536774816,5595.748203631196,12336.513075622048,180.3925735383553,397.69754842737814,0.723086451686142,1636.5652797904372,3608.0088378784444,33.41416230148978,359.6670496626352,0.6243047426608382,0.6056206006639034,0.9999999999999878,62.43047426608383,0.6683896500865232,0.31113780668401386,548.7473800571013,993.4586746242576,533.9674137091711,500.0,3708.744020047555,-845.5742757426715,1881.5344943920345,81.6414686825054,0.008893187433712119,0.0866843094045406,1.0,nan,3.6124157905578613,,0.5238166570507333,,True,W_fuel_max=500kg
550.0,650.0,cost,True,False,rescore,rescore,0.46741475174478236,189.59468202854978,0.46741475174478236,257.0781134596303,5598.567318458651,12342.728159944107,133.60900884396327,294.5574433736777,0.5355589879521413,1708.1948146690238,3765.924930860788,33.430996218414435,359.8482484363745,0.7372624269545088,0.662872645975128,0.9999999999999986,73.72624269545088,0.7549462526994826,0.40821210479810355,469.31550850536337,994.7118808876882,456.7041115797513,500.0,3686.325436319037,-844.7106625126285,1880.4253088122603,81.64146868250539,0.008550170457681472,0.08680311598492382,1.0,nan,3.918447732925415,,0.46117235760569214,,True,W_fuel_max=500kg
550.0,700.0,cost,True,False,rescore,rescore,0.3994969514002914,138.60582565413821,0.3994969514002914,219.72332327016028,5601.205921503144,12348.545283905947,82.59376643910677,182.08808591132043,0.3310692471114917,1786.0727083059937,3937.6162969109864,33.44675223658563,360.0178448044933,0.8597418031543665,0.7253597956725563,0.9999999999999978,85.97418031543666,0.8488787007460932,0.5569043751436046,382.50226040349656,996.716294709815,372.32388508262403,500.0,3661.566743465173,-843.5319727867777,1878.0613639728713,81.64146868250539,0.00825682673833375,0.08704535452366412,1.0,nan,4.16277289390564,,0.3928286236955984,,True,W_fuel_max=500kg
550.0,750.0,cost,True,False,rescore,rescore,0.32479129856023714,82.54792712524674,0.32479129856023714,178.63521420813044,5603.90554646449,12354.496938166105,26.50887166060185,58.44205814135577,0.10625828752973777,1872.1013762573184,4127.277044399798,33.46287263788479,360.19136335995887,0.9934521378769255,0.7945762096581143,0.9999999999999996,99.34521378769256,0.9516246965276939,0.8147768654739463,286.23606329402025,999.4333322376946,278.8008264778443,500.0,3633.577009623942,-841.8882378408889,1874.6038800980075,81.64146868250539,0.008003748126633486,0.08739793656898966,1.0,nan,4.048707008361816,,0.31765668038484,,True,W_fuel_max=500kg
550.0,800.0,cost,True,False,rescore,rescore,0.27536111082689163,57.182746913364156,0.27536111082689163,151.4486109547904,5669.895235484458,12499.979299385073,0.4837945585195777,1.0665844280160048,0.0019392444145745543,1867.34526957421,4116.791624014523,33.85692006441252,364.43285455903833,0.9989999999999998,0.9989999999999999,0.9999999999999999,99.89999999999998,0.9991286039021681,0.9961138889806357,71.655109767206,767.0899650980241,69.74156146871776,500.0,3478.5933692872836,-286.8645430159131,2661.1867244797295,81.64146868250539,0.008469418826200115,0.049152833674976006,1.0,nan,3.6764118671417236,,0.26762338861351737,,True,W_fuel_max=500kg
600.0,250.0,cost,True,False,rescore,rescore,0.6873256114950113,447.27353576351715,0.6873256114950113,412.39536689700674,4132.472445521084,9110.54223736095,405.9488113083063,894.9639327031117,1.4916065545051862,366.52654385145706,808.0527100650919,24.676432887289515,265.61491300273394,0.001,0.02540458070543516,0.5777645608186337,0.1,0.0734128317145955,0.018275443182223794,1009.6966964122846,581.0168899353198,980.8754547584872,500.0,3222.9684176114924,-697.9034882138153,2456.8814532230035,81.64146868250536,0.01492328969005674,0.05335331763793842,1.0,nan,3.322421073913574,,0.6867748492678925,,True,W_fuel_max=500kg
600.0,300.0,cost,True,False,rescore,rescore,0.6729170353160682,437.4708504258756,0.6729170353160682,403.75022118964085,4113.220653705879,9068.099301614966,396.3386438888168,873.7771402108199,1.4562952336846997,375.99733913080263,828.9322395843739,24.561473730283325,264.37750293513886,0.0010000000000125859,0.06966673517854267,0.659041191716557,0.10000000000125858,0.09167763279693111,0.022924003205883732,959.4655626726832,580.5993919933543,932.1790892328629,500.0,3202.7384542159743,-695.4397260467919,2438.194206612156,81.64146868250552,0.01533508472869416,0.053840105934306666,1.0,nan,3.6691184043884277,,0.6722002417316801,,True,W_fuel_max=500kg
600.0,350.0,cost,True,False,rescore,rescore,0.6820261068311485,462.2100991124526,0.6820261068311485,409.2156640986891,4194.473595960379,9247.231376197044,420.2653631528488,926.5265267657627,1.5442108779429378,207.58249289936347,457.6410597355746,25.046663360170644,269.6000406463625,0.00100000000000002,0.2692086000269864,0.013389338635543611,0.100000000000002,0.05548125848635506,0.013964770541558974,768.1751598181896,490.6458350385427,745.1300849069828,500.0,3130.6539082933414,-38.84663753311156,4073.512932960248,81.64146868253552,0.021474476940907115,0.03242618591288906,1.0,nan,3.7704596519470215,,0.6815123067269498,,True,W_fuel_max=500kg
600.0,400.0,cost,True,False,rescore,rescore,0.6727621467598394,456.69087400285053,0.6727621467598394,403.6572880559036,4141.539020486106,9130.530613631083,415.27548379798947,915.525725859987,1.525876209766645,179.21324722703358,395.09757896295434,24.730572565539617,266.19766764940755,0.0009999999999999942,0.26880203896570865,0.013525615068635588,0.09999999999999942,0.05539953865819393,0.013943568079102093,759.1520759748453,484.4784599513238,736.3776744454251,500.0,3109.480602202226,-35.32396883382967,4074.3552206775657,81.64146868253091,0.021537246127305284,0.03241576940810642,1.0,nan,3.800508737564087,,0.6722766940957882,,True,W_fuel_max=500kg
600.0,450.0,cost,True,False,rescore,rescore,0.6930452498031834,453.09879793269465,0.6930452498031834,415.82714988191,4705.924826103828,10374.788328118731,406.03954967165635,895.1639765516184,1.491939960919364,562.7594350410818,1240.6721811229565,28.10071686496885,302.47359897984876,0.1550539886785637,0.3842282344206912,0.018767168771964427,15.505398867856371,0.1844631154810635,0.04908596021929082,723.987310661871,550.0315450438471,702.2678485026834,500.0,3297.0852888472427,-29.876643330998604,4078.37710296022,81.64146868254308,0.011412704452202459,0.03249270261591212,1.0,nan,4.438229322433472,,0.6915601643419778,,True,W_fuel_max=500kg
600.0,500.0,cost,True,False,rescore,rescore,0.6994480348159907,422.84462657012773,0.6994480348159907,419.6688208895944,5696.178791871507,12557.924622377319,365.88283865141267,806.6335830193037,1.344389305032173,1279.4271163057485,2820.653963551993,34.013868337793824,366.12223171377195,0.40514857178211294,0.5667525496401692,0.018081543910342814,40.514857178211294,0.39199889556700956,0.1268162478883949,613.3453341338704,665.1973622246066,594.9451471866524,500.0,3612.9239127587775,-34.49671308278812,4071.3369232457453,81.64146868253559,0.007817202364310437,0.03267195581361464,1.0,nan,2.991974115371704,,0.6962982469041837,,True,W_fuel_max=500kg
600.0,550.0,cost,True,False,rescore,rescore,0.656430583463712,388.112865973555,0.656430583463712,393.85835007822715,5696.28947917947,12558.168646120399,331.1499711817603,730.0607176757268,1.216767862792878,1335.883472511558,2945.118923587719,34.014529290280464,366.1293461471278,0.475722897297002,0.6179882864763813,0.01811740565948061,47.5722897297002,0.45045092742814785,0.15565252464806617,540.8214828427485,665.2194553114472,524.5970070190426,500.0,3591.478848980801,-34.86651130099517,4071.1013135810695,81.64146868253198,0.007582599896387348,0.03267341578256982,1.0,nan,4.437013387680054,,0.6530148314879527,,True,W_fuel_max=500kg
600.0,600.0,cost,True,False,rescore,rescore,0.6093868945018716,350.11843298036945,0.6093868945018716,365.63213670112293,5696.399778762012,12558.411815075247,293.1544351927493,646.2948995069372,1.0771581658448954,1397.8332060727723,3081.694707611255,34.015187927523364,366.13643565940754,0.5527158751973972,0.6739342028502256,0.018161815083905044,55.27158751973972,0.5142197102813734,0.19208365349377837,461.626440767146,665.2448940111315,447.7778182271309,500.0,3567.7843226429954,-35.1958194237377,4070.7795207782497,81.64146868252855,0.007387288038999084,0.03267540534341479,1.0,nan,3.366278648376465,,0.6056812677553528,,True,W_fuel_max=500kg
600.0,650.0,cost,True,False,rescore,rescore,0.5607950560670315,310.2516088718932,0.5607950560670315,336.4770336402189,5696.448430839469,12558.519074545808,253.28712456349854,558.4025246233633,0.9306708743722722,1457.809362635846,3213.9194991388254,34.01547844597682,366.1395627740149,0.6159842735338362,0.7199468498102952,0.13956695883705972,61.59842735338362,0.5808022156958319,0.23713855218453503,396.48749901482023,665.2296271485388,384.59307937593775,500.0,3547.999720886547,-35.80339600161824,4071.3113403125844,81.64146868259256,0.0075206647104328166,0.03267214488252238,1.0,nan,3.5255634784698486,,0.5566410096731581,,True,W_fuel_max=500kg
600.0,700.0,cost,True,False,rescore,rescore,0.5082578288850037,267.03289907660394,0.5082578288850037,304.9546973310022,5696.532055439116,12558.703435229929,210.06757852221278,463.1197357168181,0.7718662261946969,1522.2868037525072,3356.067924420395,34.01597779760419,366.1449377501983,0.6816356828583676,0.7677304085413557,0.2900727025022966,68.16356828583676,0.6527861716744605,0.29648154515520153,328.84223479866023,665.2402473534892,318.9771735925573,500.0,3527.1492254387167,-36.51719775251149,4071.287793456554,81.6414686825868,0.007677971343100817,0.03267229939128426,1.0,nan,3.735164165496826,,0.5035946693044118,,True,W_fuel_max=500kg
600.0,750.0,cost,True,False,rescore,rescore,0.4506297538573085,219.60733984267353,0.4506297538573085,270.3778523143851,5696.616527767309,12558.889664835577,162.64117456500043,358.5624126821227,0.5976040211368712,1593.5130661094934,3513.094953678868,34.01648221131238,366.1503672141663,0.7535306006276907,0.8201026429825822,0.45413200627557776,75.35306006276907,0.7315638172257006,0.37903512368018516,254.69843643425682,665.2510711166968,247.05769108236058,500.0,3503.780719086843,-37.28193662964031,4071.2615694702954,81.6414686825831,0.007816535417414533,0.03267247044321683,1.0,nan,3.7030370235443115,,0.4454090946340239,,True,W_fuel_max=500kg
600.0,800.0,cost,True,False,rescore,rescore,0.3868366010168554,167.07503433937552,0.3868366010168554,232.10196061011322,5696.707225022012,12559.08961805503,110.1079620891554,242.74650406204876,0.40457750677008125,1673.3058434152808,3689.007915583457,34.017023796222595,366.1561967856229,0.8329878565798164,0.8780379743831427,0.6344833371534634,83.29878565798164,0.818561839210309,0.5024282072218313,172.67634484246358,665.2629059872731,167.49627832473158,500.0,3476.9919922706595,-38.120003546540374,4071.2279837115557,81.6414686825832,0.007940715470584933,0.03267268744485443,1.0,nan,4.34381103515625,,0.3810008800434794,,True,W_fuel_max=500kg
650.0,250.0,cost,True,False,rescore,rescore,0.6920800837545437,492.7049739626374,0.6920800837545437,449.8520544404534,4213.691754994774,9289.600164353622,450.56805641268966,993.3325298278742,1.5282038920428833,372.09363314221525,820.3260410530779,25.161421684141708,270.8352889651588,0.0010000000000371745,0.0256318529226169,0.5757362130316023,0.10000000000371745,0.06754434529018791,0.016741747336594778,1028.7827451528829,592.2927594929369,999.280462885313,500.0,3257.6150002364325,-705.8701291570746,2458.6424908210824,81.6414686825059,0.014929555374904147,0.05335589825800921,1.0,nan,2.7879655361175537,,0.6918305526753119,,True,W_fuel_max=500kg
650.0,300.0,cost,True,False,rescore,rescore,0.6783130966952254,482.5605576151886,0.6783130966952254,440.90351285189655,4193.5851423858385,9245.272671348193,440.62470619133023,971.4111949933852,1.4944787615282848,381.47750073443467,841.0139278268608,25.041358094325066,269.5429352400639,0.0010000000000000002,0.06984963084760214,0.6563465928107967,0.10000000000000002,0.08431411598925347,0.020962511072017048,977.5306430830697,591.984538887859,949.5885162284666,500.0,3236.9042210604093,-703.3047218151744,2438.5030922896144,81.64146868250293,0.015334777697378232,0.053881634718875915,1.0,nan,2.709747314453125,,0.677910304763825,,True,W_fuel_max=500kg
650.0,350.0,cost,True,False,rescore,rescore,0.6877111040176553,508.3206051320744,0.6877111040176553,447.012217611476,4277.074001457101,9429.334098724972,465.5498651175034,1026.3617642139866,1.5790180987907485,212.2079924625519,467.83854070970585,25.539899162593798,274.9091866379593,0.0009999999999999692,0.26970152670215003,0.01348801484960208,0.09999999999999692,0.05143625609567515,0.012903922495730186,782.3769239192245,500.2592700909655,758.9057843255064,500.0,3163.720859723929,-39.67678258539354,4072.8914618767612,81.64146868255219,0.021265947909012022,0.03244051820406403,1.0,nan,3.1131622791290283,,0.6874963709313232,,True,W_fuel_max=500kg
650.0,400.0,cost,True,False,rescore,rescore,0.6159967945891023,441.3558523614581,0.6159967945891023,400.3979164829165,4026.921499275105,8877.842233514668,401.08663736870704,884.2446740447448,1.3603764216072998,440.41727119193854,970.9538791011731,24.046151409175394,258.83061963500217,0.10278698047880463,0.34268356576515413,0.01,10.278698047880464,0.13647475701532136,0.03499543345551891,664.0371674448745,471.1001537501819,644.1160524215283,500.0,3041.5563282406133,-682.8402063424353,4077.6294297552618,81.64146868250539,0.0138072088988985,0.03238828833338292,1.0,nan,2.9590983390808105,,0.6154910295485965,,True,W_fuel_max=500kg
650.0,450.0,cost,True,False,rescore,rescore,0.6710815277791423,497.40423075175926,0.6710815277791423,436.2029930564425,4180.151281761516,9215.656078317703,455.6027179341441,1004.4320585111786,1.545280090017198,161.1399178285699,355.25270811985837,24.96113983164309,268.679473046771,0.0010000000000000002,0.26907950187675717,0.013653542842871052,0.10000000000000002,0.051311459651201034,0.012870933991791034,765.7552927228251,488.9776970392068,742.7827754185207,500.0,3124.9317703331158,-33.32396074985513,4073.7039952801033,81.64146868252175,0.021473182162768452,0.032423472354940634,1.0,nan,2.9454307556152344,,0.6709198813923022,,True,W_fuel_max=500kg
650.0,500.0,cost,True,False,rescore,rescore,0.7243621182046981,488.15146319068987,0.7243621182046981,470.8353768330538,5696.19334702357,12557.95671099482,431.1895297204542,950.6101915050167,1.4624772177000256,1193.7398501593184,2631.745878205376,34.01395525168641,366.1231672471257,0.33932298460582583,0.5190038821872142,0.018629309426533066,33.93229846058258,0.3377486787923437,0.10312775806478236,680.9444746783686,665.2025275471083,660.5162933724899,500.0,3632.7814533181445,-33.311530734846656,4071.248435080901,81.64146868252594,0.007799460613594992,0.03267250090218443,1.0,nan,2.939873456954956,,0.7218459205814707,,True,W_fuel_max=500kg
650.0,550.0,cost,True,False,rescore,rescore,0.6882547060240731,456.36450460100275,0.6882547060240731,447.36555891564757,5696.2868345868765,12558.162815791742,399.401636255134,880.5298824720035,1.3546613576492361,1243.511593343102,2741.473789154765,34.014513498503725,366.1291761658577,0.3982058234279108,0.5617145790685076,0.01867560522676411,39.82058234279108,0.3873035484399921,0.12455857784058662,620.4889951703046,665.2234455071771,601.8744734371975,500.0,3615.073449382247,-33.71356179030772,4070.9920127349205,81.64146868252344,0.007547304213455504,0.03267408675088397,1.0,nan,2.9917986392974854,,0.6855191615882199,,True,W_fuel_max=500kg
650.0,600.0,cost,True,False,rescore,rescore,0.6489921648960649,421.79296086899393,0.6489921648960649,421.84490718244217,5696.381910009976,12558.372421220285,364.82914176889415,804.3105790355833,1.2374008908239742,1297.7222736753263,2860.987881358355,34.015081226985075,366.13528714437194,0.4620933401200307,0.6080900035425867,0.018715364643188914,46.209334012003076,0.4410695937074446,0.15064905851191182,554.843429179047,665.2442295402521,538.1982693524644,500.0,3595.689448382442,-34.06433802377751,4070.7437342322683,81.64146868252102,0.007337269651592353,0.03267562305488317,1.0,nan,2.9661548137664795,,0.646018701125876,,True,W_fuel_max=500kg
650.0,650.0,cost,True,False,rescore,rescore,0.6061111656430233,384.0252123088981,0.6061111656430233,393.9722576679651,5696.477733839505,12558.583676602573,327.0604349705031,721.0448336317189,1.1092997440487984,1357.0879220849986,2991.866732800144,34.015653424461874,366.14144622675286,0.5317044300369336,0.6586612671699956,0.018746366352525,53.17044300369336,0.49965076350444754,0.183130089763557,483.2554721938933,665.2646565383819,468.7579456592462,500.0,3574.3321042600032,-34.38130468552572,4070.506793365872,81.6414686825187,0.007159619877796494,0.03267709006520916,1.0,nan,2.901967763900757,,0.6028786461115487,,True,W_fuel_max=500kg
650.0,700.0,cost,True,False,rescore,rescore,0.5607019345033217,343.67572665569605,0.5607019345033217,364.45625742715913,5696.503707119519,12558.640937883254,286.71068958450087,632.0888721698683,0.9724444187228743,1417.8597989415023,3125.8457872872355,34.01580851992754,366.1431156604514,0.5962355837694634,0.7055805459084427,0.09320485722252597,59.62355837694634,0.5619689802581816,0.22344172886136202,416.83064161377035,665.2359966741981,404.32590025049876,500.0,3554.229970473852,-35.029517538701384,4071.3123248017355,81.641468682566,0.007184052972666232,0.03267214539376141,1.0,nan,2.978208541870117,,0.5571106748117507,,True,W_fuel_max=500kg
650.0,750.0,cost,True,False,rescore,rescore,0.51247112349134,300.5259878543566,0.51247112349134,333.10623026937105,5696.57904893636,12558.807038157029,243.56019736499297,536.9583208809363,0.8260897244322097,1480.6287946726493,3264.2277352237898,34.01625841217149,366.1479582602624,0.6571797502200267,0.7499259348610303,0.23352657243389074,65.71797502200268,0.6283788297679379,0.27479073515529057,354.0522608865685,665.2455152264189,343.43087113859616,500.0,3534.9919722211102,-35.702287766419886,4071.2923760848653,81.64146868256174,0.00733305646573966,0.03267227682570259,1.0,nan,3.1181352138519287,,0.508428353028997,,True,W_fuel_max=500kg
650.0,800.0,cost,True,False,rescore,rescore,0.459603145298262,253.21221896457888,0.459603145298262,298.7420444438703,5696.655233517218,12558.974996407422,196.24566662940668,432.64763608141135,0.6656117478175559,1549.8094235704923,3416.7449146823255,34.01671333685206,366.1528550287704,0.7238690044478976,0.7984898461177253,0.3863570323785001,72.38690044478976,0.7010018775934679,0.34425641635267173,285.29968980239164,665.2551957434157,276.7408780550247,500.0,3513.528564814492,-36.42211066551363,4071.2707934392056,81.64146868255864,0.007465206478958132,0.03267241839335039,1.0,nan,3.0089828968048096,,0.4550661335196134,,True,W_fuel_max=500kg
700.0,250.0,cost,True,False,rescore,rescore,0.6980074895832309,539.7106304055345,0.6980074895832309,488.60524270826164,4297.6961048316425,9474.798054333583,496.73366935721805,1095.1102844746445,1.5644432635352064,377.8406349693155,832.9960112886291,25.66304092742014,276.23467356310556,0.0010000000000000007,0.025874722628756806,0.5735757922245456,0.10000000000000006,0.06251881255510086,0.015439519721328891,1048.4911120179756,604.0217794533569,1018.3094696758128,500.0,3293.4684266494455,-714.1632389987885,2459.6413075693213,81.64146868250535,0.01500898485701918,0.053373112968316275,1.0,nan,2.7843520641326904,,0.6980069007431428,,True,W_fuel_max=500kg
700.0,300.0,cost,True,False,rescore,rescore,0.6847615660567545,529.1993124075611,0.6847615660567545,479.33309623972815,4276.693767035277,9428.495825317032,486.4323747372084,1072.3998173215446,1.531999739030778,387.16353718292754,853.5494924095875,25.537628650401622,274.8847470481227,0.0010491160250839428,0.07004276732747139,0.6532214662890933,0.10491160250839429,0.07801565593272163,0.019303060864373344,996.1873313553484,603.7701212246625,967.593302850099,500.0,3272.2324048112264,-711.4910678415627,2438.486889639886,81.6414686825057,0.015390360580868512,0.0539262783057422,1.0,nan,2.4904935359954834,,0.6846190099359416,,True,W_fuel_max=500kg
700.0,350.0,cost,True,False,rescore,rescore,0.694469290599401,556.0396978309883,0.694469290599401,486.1285034195807,4362.539185644276,9617.75257716032,512.4143059745455,1129.68017068543,1.6138288152649,216.94651488739314,478.2851944414174,26.050241556749587,280.4024664505014,0.000999999999999999,0.2700928848778574,0.013659751347135676,0.0999999999999999,0.047967027231427886,0.01200032974615559,797.1690742966671,510.19413985845495,773.2541652194442,500.0,3197.954935334774,-40.4965818812982,4073.0258015949626,81.64146868261368,0.02095453748172638,0.03245323281906673,1.0,nan,2.984309673309326,,0.6945018106811773,,True,W_fuel_max=500kg
700.0,400.0,cost,True,False,rescore,rescore,0.6847869394901411,549.0955457355903,0.6847869394901411,479.3508576430988,4305.217062624257,9491.378928020784,506.0433751093477,1115.634672378091,1.5937638176829871,187.29022187792714,412.90425999401947,25.7079511869861,276.71808357386476,0.0009999999999999933,0.26995498278524765,0.013562483809208254,0.09999999999999933,0.0479185000170388,0.011986615130906087,787.1165532074763,503.5321753561019,763.5031865227023,500.0,3174.956739714542,-36.74145594106949,4072.8493741224847,81.64146868252075,0.021158585426613887,0.03244495397977354,1.0,nan,2.935347557067871,,0.6848527996910271,,True,W_fuel_max=500kg
700.0,450.0,cost,True,False,rescore,rescore,0.6655844373984094,533.9899848011987,0.6655844373984094,465.9091061788866,4180.144835512681,9215.641866771697,492.1885364460719,1085.0899816396438,1.5501285451994913,161.3493247798622,355.71437142183953,24.961101338847925,268.6790587137722,0.001000000000000012,0.26908309583517465,0.013651255109800312,0.1000000000000012,0.04774413199993939,0.011941166784997475,765.7503771928259,488.9767223041095,742.777989967838,500.0,3124.927979781071,-114.44940199131634,4073.7120242697592,81.64146868251724,0.021452881856879453,0.03242342374497108,1.0,nan,3.038658380508423,,0.6657178530061995,,True,W_fuel_max=500kg
700.0,500.0,cost,True,False,rescore,rescore,0.6726354801044137,540.3859562943965,0.6726354801044137,470.84483607308954,4235.9282189299465,9338.623175773942,498.02667410509696,1097.960871991913,1.5685155314170187,149.11902275869514,328.75117091452836,25.29420335833974,272.26453901120715,0.001,0.2699851726354279,0.019267157309296803,0.1,0.048474813068987606,0.012118403697090266,774.7447695627924,495.46938180021215,751.5025754643589,500.0,3147.0874130342477,-26.228970668295688,4073.1938414189653,81.64146868252675,0.02128549075961729,0.03243310000925889,1.0,nan,3.0175833702087402,,0.672733431847419,,True,W_fuel_max=500kg
700.0,550.0,cost,True,False,rescore,rescore,0.7135161283852443,523.1646102907584,0.7135161283852443,499.46128986967096,5696.293500326236,12558.177511231526,466.2016752874961,1027.7987596598718,1.4682839423712455,1157.4257759246416,2551.6870486578828,34.01455330196074,366.12960460670325,0.33576339514892856,0.5164228780484844,0.019227718534525318,33.57633951489286,0.334942020107337,0.10189458363941982,684.6100954335743,665.2279891899732,664.0719244880175,500.0,3633.8950178281725,-32.67545861513008,4070.8960964301405,81.6414686825178,0.007552073494734912,0.03267467666450928,1.0,nan,2.903320074081421,,0.7113434042688084,,True,W_fuel_max=500kg
700.0,600.0,cost,True,False,rescore,rescore,0.6803696910832082,491.5628643703896,0.6803696910832082,476.2587837582457,5696.375820848697,12558.358996917581,434.5991061619026,958.1270208585903,1.3687528869408432,1205.414916135735,2657.484992767991,34.01504486648547,366.1348957632115,0.38946636992967676,0.5553734546256983,0.019263439463424147,38.946636992967676,0.3807494109516519,0.12150124428702597,629.4758056406034,665.2451749968154,610.5916594292434,500.0,3617.7558644009678,-33.03943549559335,4070.7017366042865,81.6414686825161,0.007326229133759745,0.03267588032508402,1.0,nan,2.8574254512786865,,0.6779990063928953,,True,W_fuel_max=500kg
700.0,650.0,cost,True,False,rescore,rescore,0.6443469452544928,457.2125876711367,0.6443469452544928,451.0428616781449,5696.4594639081815,12558.543398298678,400.24799303205486,882.395779768517,1.26056539966931,1257.6392924786605,2772.620034263002,34.015544328339544,366.1402719258653,0.4477035527763933,0.597641402179565,0.019293234042368764,44.770355277639325,0.43042376141683125,0.14513210070192326,569.6434924822344,665.2622809311392,552.5543115183569,500.0,3600.1148162100008,-33.36698060537128,4070.513339609675,81.64146868251444,0.007135150635646534,0.032677047676744876,1.0,nan,2.9777605533599854,,0.641761622267344,,True,W_fuel_max=500kg
700.0,700.0,cost,True,False,rescore,rescore,0.6050334666918331,419.7155942814356,0.6050334666918331,423.52342668428315,5696.543816394382,12558.72936369796,362.75015611749177,799.727200238104,1.1424674289115773,1314.7570570510509,2898.5431501459398,34.01604802642763,366.1456936869626,0.5111131472728132,0.6436975518643885,0.019315311631150935,51.11131472728132,0.48450854685019845,0.17418624835691318,504.446267603243,665.2791609733637,489.312998992254,500.0,3580.71770932126,-33.67225091423188,4070.332808064227,81.64146868251291,0.0069713763883459765,0.03267816694072075,1.0,nan,2.877798080444336,,0.6022145433830893,,True,W_fuel_max=500kg
700.0,750.0,cost,True,False,rescore,rescore,0.5624175166312074,378.93790306812315,0.5624175166312074,393.69226164184516,5696.552279435618,12558.748021510119,321.972380273767,709.8275931463388,1.014039418780484,1376.167309087374,3033.9295809956575,34.01609856216647,366.14623764912824,0.5766177949301746,0.6913129153742662,0.0468081824393804,57.66177949301746,0.5431204730927912,0.21044037448224492,437.03396769229244,665.2415821540937,423.9231061415689,500.0,3560.3878550452164,-34.32076022517458,4071.3134835725054,81.64146868254801,0.0068926267364646954,0.03267214403978891,1.0,nan,2.9374144077301025,,0.5593168584725626,,True,W_fuel_max=500kg
700.0,800.0,cost,True,False,rescore,rescore,0.5179043637405786,335.9046596323888,0.5179043637405786,362.533054618405,5696.620702678973,12558.898868940278,278.9384526055991,614.954022704191,0.8785057467202728,1437.3935342935706,3168.91030213266,34.016507141196556,366.1506355572063,0.6334291902690217,0.7326401210554446,0.17821101611449455,63.342919026902166,0.6047005140840145,0.25523693735769054,378.528027208018,665.2501902699834,367.1723438868302,500.0,3542.553019759817,-34.957982163617544,4071.2962917809296,81.64146868254478,0.007034718698908999,0.03267225772219967,1.0,nan,2.8723390102386475,,0.5143997213646145,,True,W_fuel_max=500kg
750.0,250.0,cost,True,False,rescore,rescore,0.7049705346804012,588.3788046742465,0.7049705346804012,528.7279010103009,4384.6436832483305,9666.484652621742,544.5323678417632,1200.48837644627,1.6006511685950267,383.7762081988225,846.0817103037507,26.182235214083796,281.82323435362065,0.0010000000000440466,0.026125449727765943,0.5712949704207965,0.10000000000440466,0.058165170645879755,0.014319646049027246,1068.8653406628084,616.2310308421281,1038.002431846057,500.0,3330.600952235158,-722.8036376083959,2459.927070988418,81.6414686825062,0.015155233753875619,0.05340517676702636,1.0,nan,2.641530990600586,,0.7051760183249444,,True,W_fuel_max=500kg
750.0,300.0,cost,True,False,rescore,rescore,0.6921469528038463,577.4738740274603,0.6921469528038463,519.1102146028848,4362.69790774451,9618.102499493078,533.8468949500152,1176.9309411844918,1.5692412549126558,393.0538995508602,866.5355185365313,26.05118934178472,280.41266832371383,0.0009999999999999983,0.07024067604699143,0.6507176126244337,0.09999999999999983,0.07256323551593176,0.017879992213379756,1015.473915135625,616.0023971236781,986.2265063998209,500.0,3308.8001909277614,-720.0197121572537,2438.024437113522,81.64146868250455,0.015508255858058151,0.05397894066248689,1.0,nan,2.5452208518981934,,0.6922200270945862,,True,W_fuel_max=500kg
750.0,350.0,cost,True,False,rescore,rescore,0.6791605194355708,566.3666762382717,0.6791605194355708,509.37038957667806,4339.144541508971,9566.176215470667,522.975230823182,1152.9630245138635,1.5372840326851513,399.44456257539423,880.6245188087198,25.910543985078785,278.89877430360497,0.001000000000000004,0.11130974680325133,0.7365280325185479,0.1000000000000004,0.08707419672998491,0.021553810993631004,965.515945507538,617.8496168268916,937.833359117532,500.0,3288.3959231437725,-717.0833694433127,2399.5544184156292,81.6414686825033,0.015740441246753,0.05503032862249709,1.0,nan,2.650684118270874,,0.6791029572361234,,True,W_fuel_max=500kg
750.0,400.0,cost,True,False,rescore,rescore,0.6922438834567878,597.7226403226861,0.6922438834567878,519.1829125925908,4391.360528267557,9681.292761098255,553.8090350400105,1220.939926806436,1.6279199024085813,191.5047943175046,422.19580173552674,26.22234383609814,282.25495996792074,0.0009999999999999935,0.270492658282759,0.013567670626785653,0.09999999999999935,0.04492835809566193,0.011211940078284842,801.8569471831116,513.5424083351359,777.8013561224774,500.0,3209.4115188228957,-37.3842044848634,4073.2126584898506,81.64146868251719,0.020816912396052052,0.03245719206227828,1.0,nan,3.0656394958496094,,0.6925173094058094,,True,W_fuel_max=500kg
750.0,450.0,cost,True,False,rescore,rescore,0.6847137547988456,591.8541902799316,0.6847137547988456,513.5353160991342,4345.972965681264,9581.23031387215,548.3944606231189,1209.0028335595373,1.612003778079383,168.40256877470165,371.2641126899376,25.951318885094228,279.3376716746215,0.001000000000000339,0.27020408922903527,0.013692150085195247,0.1000000000000339,0.04488280244564111,0.011199419615987959,794.1004015361326,508.2695271918282,770.2775011006589,500.0,3191.261509703699,-34.56394872835983,4072.93583229501,81.64146868251505,0.020995714754217867,0.03245096615552841,1.0,nan,3.000526189804077,,0.6850137955661915,,True,W_fuel_max=500kg
750.0,500.0,cost,True,False,rescore,rescore,0.6798643123182896,588.1373998081868,0.6798643123182896,509.8982342387172,4318.714339935593,9521.135330914063,544.9502564088309,1201.4096630346191,1.6018795507128256,151.63040794974577,334.2878275187721,25.788548132790712,277.585621878366,0.000999999999999997,0.27027711165330415,0.017012276254320807,0.0999999999999997,0.04519680092445255,0.011273703350689853,789.1710880180414,505.09855424882977,765.4960857413344,500.0,3180.2805775808,-25.880664623578696,4072.955295510024,81.64146868252207,0.021057854517296484,0.03244642112165953,1.0,nan,2.994730234146118,,0.6801764455442418,,True,W_fuel_max=500kg
750.0,550.0,cost,True,False,rescore,rescore,0.6929691027803868,527.473853053527,0.6929691027803868,519.7268270852901,5590.165584912416,12324.205508105742,471.5721972044028,1039.6387337687572,1.3861849783583429,1301.578063852867,2869.4884436086754,33.38082653991717,359.3082265113948,0.2817874191212119,0.34866621618139426,1.0,28.17874191212119,0.3591633239160904,0.11181391539348066,905.3997963670524,851.7151315476316,878.2836503069216,500.0,3748.7072137036544,-849.4063951042831,2180.2221775625644,81.64146868250539,0.009457468930781587,0.06433585196534261,1.0,nan,3.0429468154907227,,0.6903295609237741,,True,W_fuel_max=500kg
750.0,600.0,cost,True,False,rescore,rescore,0.6049458522870832,439.2699471243015,0.6049458522870832,453.7093892153124,5699.997218036066,12566.34281107938,382.26997494394084,842.7610343963312,1.1236813791951084,1673.1271783669495,3688.6140265761805,34.03666949093664,366.36766128359886,0.5202491181280848,0.6503354185164268,0.01,52.02491181280848,0.4933626229950539,0.17923823586486023,495.34027187172626,665.6370415819424,480.4800637155746,500.0,3579.186315638705,-855.7873689840253,4071.4130806116596,81.64146868250539,0.0067250496469662404,0.03267194139651011,1.0,nan,2.9776811599731445,,0.6023910578359828,,True,W_fuel_max=500kg
750.0,650.0,cost,True,False,rescore,rescore,0.5600714718975167,393.0240164136676,0.5600714718975167,420.05360392313753,5699.998446700649,12566.345519821112,336.0240319466611,740.806182298055,0.9877415763974067,1739.6801867929023,3835.338294500882,34.03667682772097,366.36774025608815,0.5869949554734516,0.6988589011175208,0.05744959365158933,58.69949554734516,0.5553614464278771,0.21866071077023094,426.601242879463,665.6369842655643,413.80320559307916,500.0,3558.433176303517,-854.8012356169738,4071.4181597529314,81.6414686825054,0.006690448024347628,0.03267191035475782,1.0,nan,2.898479461669922,,0.5572080804190787,,True,W_fuel_max=500kg
750.0,700.0,cost,True,False,rescore,rescore,0.6420671852615192,494.5131880749192,0.6420671852615192,481.5503889461394,5696.525298219924,12558.688538111635,437.54793509271997,964.6280758272885,1.286170767769718,1215.4639010556057,2679.6392122484654,34.015937447957526,366.14450343021633,0.4324909697549489,0.5865973532964676,0.019858146039467325,43.249096975494886,0.41856204783054707,0.1391654572894989,585.2857990755595,665.2759027275438,567.7273341562938,500.0,3604.7748051665812,-32.74683190765245,4070.3610612672082,81.64146868251045,0.006967976632360443,0.032677991134941416,1.0,nan,2.946629047393799,,0.639827395714762,,True,W_fuel_max=500kg
750.0,750.0,cost,True,False,rescore,rescore,0.6058685252111478,457.3453171679216,0.6058685252111478,454.40139390836083,5696.6003783634815,12558.85406149457,400.37931338428683,882.6852915877503,1.1769137221170003,1270.5591037395095,2801.1033424380557,34.016385777656424,366.1493292109324,0.490580761299526,0.6287803873057983,0.019874318072685998,49.058076129952596,0.46868240485255264,0.16520668899597712,525.5707804961094,665.2901812970788,509.80376244845314,500.0,3587.0566201456363,-33.0407429603606,4070.2193576875748,81.64146868250943,0.006815081029509585,0.032678870810087045,1.0,nan,3.098984479904175,,0.603416627179486,,True,W_fuel_max=500kg
750.0,800.0,cost,True,False,rescore,rescore,0.5661863279411294,416.5900229298021,0.5661863279411294,424.6397459558471,5696.675703642298,12559.020125308243,359.62326589337914,792.83358731414,1.0571114497521867,1331.111239566777,2934.5979508811556,34.01683557114331,366.1541707477313,0.5541028804120495,0.6749424772537158,0.01988219429784048,55.41028804120495,0.5234876621891555,0.1975938739258601,460.2206519361173,665.3042371230343,446.41413336695786,500.0,3567.469461246603,-33.335289710586494,4070.0840567403425,81.64146868250847,0.006681238897306303,0.032679711255231315,1.0,nan,3.0867626667022705,,0.5635026176282567,,True,W_fuel_max=500kg
800.0,250.0,cost,True,False,rescore,rescore,0.7128735466025776,638.8046698407358,0.7128735466025776,570.2988372820621,4474.7060360580035,9865.03815299848,594.0576094801557,1309.6728445123815,1.637091055640477,389.9142360684383,859.6137453983446,26.720028903958667,287.61199745410556,0.0010000000000000007,0.026375800541755805,0.568914741753586,0.10000000000000006,0.0543563488172376,0.013346211858698213,1089.9531890935275,628.9412501659509,1058.4015072160146,500.0,3369.0870198622265,-731.8138957073229,2459.637202509913,81.64146868250481,0.015357347607940608,0.05345059026945285,1.0,nan,2.5569190979003906,,0.7132492847506816,,True,W_fuel_max=500kg
800.0,300.0,cost,True,False,rescore,rescore,0.7003907851275665,627.4786034888074,0.7003907851275665,560.3126281020532,4451.764819692603,9814.46142842771,582.9609552918813,1285.20890966262,1.606511137078275,399.15519045830825,879.9865624932739,26.58303890742378,286.13744940341866,0.0009999999999999996,0.07043778214210138,0.6477703052062505,0.09999999999999996,0.06779616844052404,0.016645985735343028,1035.432724494357,628.7144499495786,1005.525803810795,500.0,3346.6849128479444,-728.9113106235254,2437.144654415015,81.64146868250437,0.01566707889386476,0.05404103907189539,1.0,nan,3.0708506107330322,,0.7006428233216749,,True,W_fuel_max=500kg
800.0,350.0,cost,True,False,rescore,rescore,0.687748328671496,615.9433227715103,0.687748328671496,550.1986629371968,4427.1979840501135,9760.300826824236,571.6713429310092,1260.3195748604885,1.5753994685756105,405.4439548014316,893.8509146272928,26.43634177175516,284.55841457669374,0.0009999999999999946,0.1114644979991293,0.7328658102130539,0.09999999999999946,0.08132914639279136,0.02004210780602315,984.4158393282092,630.6560318118742,956.0980814985477,500.0,3325.7318261645332,-725.8532806600351,2397.7988858738463,81.6414686825053,0.015876772638678482,0.05511932682263621,1.0,nan,2.6677489280700684,,0.6878784986480565,,True,W_fuel_max=500kg
800.0,400.0,cost,True,False,rescore,rescore,0.7005503600060611,648.0903874782958,0.7005503600060611,560.4402880048489,4480.595592071537,9878.022401418275,603.2844315575804,1330.0145051915956,1.6625181314894946,195.84591227948815,431.766328598418,26.75519749506103,287.9905490182133,0.0010000000000000165,0.2710014026155977,0.013563915521105818,0.10000000000000164,0.04231131629392783,0.010537562825813744,817.1452166778242,523.9017823042507,792.6309669183398,500.0,3245.103153545087,-37.98625473047218,4074.224429852455,81.64146868251424,0.020387235756145847,0.032468281307007706,1.0,nan,2.9215941429138184,,0.7009960372839794,,True,W_fuel_max=500kg
800.0,450.0,cost,True,False,rescore,rescore,0.6928063308900555,641.5760719708604,0.6928063308900555,554.2450647120444,4433.279675822227,9773.70866208385,597.2432752126382,1316.6960352517053,1.6458700440646317,172.19366144622444,379.6220413549169,26.472657672421104,284.94931567816406,0.0010000000000000941,0.2707265719222364,0.013696853934702519,0.10000000000000941,0.04227123748059441,0.010526197962106677,809.04858764908,518.4099684982923,784.7772298412898,500.0,3226.1813720169025,-35.12184927964881,4073.618041909827,81.64146868251254,0.02061199204668369,0.032462568335527416,1.0,nan,2.823683023452759,,0.6932810056111016,,True,W_fuel_max=500kg
800.0,500.0,cost,True,False,rescore,rescore,0.6878755302122305,637.5373729420775,0.6878755302122305,550.3004241697844,4404.380964908869,9709.997910263404,593.4935632929888,1308.4293355284133,1.6355366694105167,154.2701752507376,340.1075182268266,26.300093400112463,283.09184930990915,0.0010000000000000044,0.270596012157176,0.01486074294984142,0.10000000000000044,0.04234662381023423,0.010543122728608828,804.0576744226681,515.051731649039,779.9360704602099,500.0,3214.609648464014,-25.54009473058761,4073.418178434195,81.64146868251792,0.020730154923225434,0.03245833176236541,1.0,nan,2.8843014240264893,,0.6883663982204001,,True,W_fuel_max=500kg
800.0,550.0,cost,True,False,rescore,rescore,0.608785173567123,544.8600862484693,0.608785173567123,487.0281388536984,4204.493769549191,9269.322077565303,502.8151485529774,1108.5176510836216,1.3856470638545269,459.9231886437041,1013.957065974299,25.106497308108437,270.244087901843,0.1304982667158423,0.36406088479913584,0.010000000000000944,13.049826671584231,0.15463462752631466,0.039954364750476,670.0261146481286,491.8064644217309,649.9253312086846,500.0,3105.5650292331547,-699.7515564043673,4073.6132479164708,81.6414686825054,0.011905084145003698,0.0324267357477352,1.0,nan,2.8932366371154785,,0.6088588499369094,,True,W_fuel_max=500kg
800.0,600.0,cost,True,False,rescore,rescore,0.7267113278548426,627.1500102646191,0.7267113278548426,581.3690622838741,5696.373848007706,12558.354647547705,570.1862717845421,1257.0455534160046,1.5713069417700058,1036.2077738644434,2284.447099146571,34.01503308596919,366.13476895878966,0.28016569786707807,0.47612469222171605,0.020344942556812042,28.016569786707805,0.28678917032222906,0.08308377456227298,741.6712380630676,665.2481253476018,719.4212072279514,500.0,3650.5635680920354,-31.253029528065326,4070.6208916041055,81.64146868251046,0.0074070740299634705,0.03267637674619053,1.0,nan,2.8710317611694336,,0.725276798756698,,True,W_fuel_max=500kg
800.0,650.0,cost,True,False,rescore,rescore,0.700677990999206,598.533519423093,0.700677990999206,560.5423927993648,5696.44907022011,12558.520484138831,541.5690287208919,1193.9553319843321,1.4924441649804152,1077.5374822006065,2375.563509096872,34.01548226401053,366.13960387098774,0.32204139935006065,0.5064743755252185,0.02037230449947734,32.20413993500607,0.3232818674630537,0.09706258926107508,698.7129470543534,665.2617002923945,677.7516621455534,500.0,3638.0774876363694,-31.58628602539693,4070.4974636089974,81.64146868250961,0.007185166408327689,0.032677143985165205,1.0,nan,2.9322688579559326,,0.699091720588452,,True,W_fuel_max=500kg
800.0,700.0,cost,True,False,rescore,rescore,0.6724854002880285,567.5402508838054,0.6724854002880285,537.9883202304228,5696.514929300256,12558.665678556772,510.57510159080283,1125.625419094917,1.4070317738686464,1122.3090652095507,2474.267953812187,34.01587553152665,366.14383696730107,0.3673005207680074,0.5392935189462577,0.020395934410387766,36.73005207680074,0.36272316156317147,0.11341182491774437,652.256307206735,665.2741013675547,632.6887185816287,500.0,3624.5049109014335,-31.893213727407783,4070.3762957912522,81.64146868250877,0.006994896437074918,0.03267789629395814,1.0,nan,2.9084835052490234,,0.6707351301007857,,True,W_fuel_max=500kg
800.0,750.0,cost,True,False,rescore,rescore,0.6418461020257415,533.8521312374436,0.6418461020257415,513.4768816205932,5696.581758142269,12558.813010933662,476.8863136560209,1051.354355112874,1.3141929438910924,1171.010241273797,2581.6356682716887,34.016274589828726,366.1481323951156,0.41638536100934037,0.5749072153924034,0.020414592418314895,41.63853610093404,0.4054981002809683,0.13279627965271104,601.842222152683,665.2864922529749,583.787053047793,500.0,3609.6907612571813,-32.182922399532345,4070.2582588486916,81.64146868250802,0.006829908482093193,0.0326786295447166,1.0,nan,2.9945011138916016,,0.6399179771027768,,True,W_fuel_max=500kg
800.0,800.0,cost,True,False,rescore,rescore,0.6084139450509228,497.08641193388416,0.6084139450509228,486.73115604073826,5696.649212482296,12558.961722297625,440.11991980906123,970.2983315158583,1.212872914394823,1224.2249537262219,2698.954027156887,34.01667738319734,366.15246802685186,0.46982402817898333,0.6137040317759109,0.02042695410606012,46.98240281789833,0.45206630176707085,0.1561573720592781,546.9203637339949,665.2988024588858,530.512847198848,500.0,3593.4380950796544,-32.46555080422013,4070.144129168461,81.64146868250731,0.0066854512458388235,0.032679338920307624,1.0,nan,2.929814100265503,,0.6062922204642627,,True,W_fuel_max=500kg
