design_range_nm,spec_energy_whkg,fuel_mileage_lb_per_nmi,fuel_mileage_lb_per_nmi_halfwidth,fuel_mileage_lb_per_nmi_colour_err,doc_per_nmi,doc_per_nmi_halfwidth,doc_per_nmi_colour_err,electric_percent,electric_percent_halfwidth,electric_percent_colour_err,MTOW_lb,MTOW_lb_halfwidth,MTOW_lb_colour_err
300.0,250.0,1.351541,0.005814,1.0,0.711591,0.010522,0.0,5.789843,0.291198,1.41,8250.993095,13.810789,1.41
300.0,300.0,1.334099,0.005814,1.0,0.711591,0.010522,0.0,6.663437,0.291198,0.0,8223.371518,13.810789,1.0
300.0,350.0,0.618983,0.005814,1.0,0.663192,0.010522,0.0,70.726979,0.291198,1.41,12573.769939,13.810789,0.0
300.0,400.0,0.30503,0.005814,1.0,0.536932,0.010522,0.0,85.869271,0.291198,1.73,12573.769939,13.810789,0.0
300.0,450.0,0.014332,0.005814,5.1,0.438029,0.010522,0.0,99.555574,0.291198,2.24,12394.229686,13.810789,1.0
300.0,500.0,0.014332,0.005814,5.1,0.362273,0.010522,0.0,99.555574,0.291198,2.24,11358.420539,13.810789,1.41
300.0,550.0,0.014332,0.005814,5.1,0.337022,0.010522,0.0,99.555574,0.291198,2.24,10598.827164,13.810789,0.0
300.0,600.0,0.014332,0.005814,5.1,0.31177,0.010522,0.0,99.555574,0.291198,2.24,10115.449561,13.810789,1.0
300.0,650.0,0.014332,0.005814,5.1,0.286518,0.010522,0.0,99.555574,0.291198,2.24,9673.504325,13.810789,1.0
300.0,700.0,0.014332,0.005814,5.1,0.286518,0.010522,0.0,99.555574,0.291198,2.24,9328.234609,13.810789,1.0
300.0,750.0,0.014332,0.005814,5.1,0.26337,0.010522,0.0,99.555574,0.291198,2.24,9065.829625,13.810789,1.41
300.0,800.0,0.014332,0.005814,5.1,0.26337,0.010522,0.0,99.555574,0.291198,2.24,8844.857007,13.810789,1.0
325.0,250.0,1.380611,0.005814,1.0,0.711591,0.010522,0.0,5.207447,0.291198,1.41,8320.047039,13.810789,0.0
325.0,300.0,1.351541,0.005814,1.0,0.711591,0.010522,0.0,6.372239,0.291198,0.0,8306.23625,13.810789,0.0
325.0,350.0,1.200378,0.005814,1.0,0.711591,0.010522,0.0,29.376874,0.291198,1.0,9770.179845,13.810789,0.0
325.0,400.0,0.52596,0.005814,1.0,0.587436,0.010522,0.0,75.968542,0.291198,1.41,12573.769939,13.810789,0.0
325.0,450.0,0.212006,0.005814,1.41,0.487481,0.009469,4.58,90.528438,0.291198,1.41,12573.769939,13.810789,0.0
325.0,500.0,0.014332,0.005814,5.1,0.387525,0.010522,0.0,99.555574,0.291198,2.24,12131.824702,13.810789,1.41
325.0,550.0,0.014332,0.005814,5.1,0.337022,0.010522,0.0,99.555574,0.291198,2.24,11234.123441,13.810789,1.0
325.0,600.0,0.014332,0.005814,5.1,0.31177,0.010522,0.0,99.555574,0.291198,2.24,10598.827164,13.810789,1.0
325.0,650.0,0.014332,0.005814,5.1,0.286518,0.010522,0.0,99.555574,0.291198,2.24,10115.449561,13.810789,1.0
325.0,700.0,0.014332,0.005814,5.1,0.286518,0.010522,0.0,99.555574,0.291198,2.24,9701.125902,13.810789,1.0
325.0,750.0,0.014332,0.005814,5.1,0.26337,0.010522,0.0,99.555574,0.291198,2.24,9397.288552,13.810789,1.41
325.0,800.0,0.014332,0.005814,5.1,0.26337,0.010522,0.0,99.555574,0.291198,2.24,9176.315934,13.810789,1.41
350.0,250.0,1.403867,0.005814,1.41,0.711591,0.010522,0.0,5.207447,0.291198,1.41,8416.722559,13.810789,1.41
350.0,300.0,1.380611,0.005814,1.0,0.688444,0.010522,0.0,5.789843,0.291198,1.41,8402.91177,13.810789,1.0
350.0,350.0,1.363169,0.005814,1.0,0.688444,0.010522,0.0,6.663437,0.291198,0.0,8375.290193,13.810789,0.0
350.0,400.0,0.700378,0.005814,1.0,0.63794,0.010522,0.0,67.815,0.291198,1.41,12573.769939,13.810789,0.0
350.0,450.0,0.421309,0.005814,0.0,0.536932,0.010522,0.0,80.336511,0.291198,1.0,12573.769939,13.810789,0.0
350.0,500.0,0.118983,0.005814,1.41,0.412777,0.010522,14.35,94.314011,0.291198,1.73,12573.769939,13.810789,0.0
350.0,550.0,0.014332,0.005814,5.1,0.362273,0.010522,0.0,99.555574,0.291198,2.24,11924.662873,13.810789,1.0
350.0,600.0,0.014332,0.005814,5.1,0.31177,0.010522,0.0,99.555574,0.291198,2.24,11137.44792,13.810789,1.0
350.0,650.0,0.014332,0.005814,5.1,0.286518,0.010522,0.0,99.555574,0.291198,2.24,10557.394798,13.810789,1.0
350.0,700.0,0.014332,0.005814,5.1,0.286518,0.010522,0.0,99.555574,0.291198,2.24,10115.449561,13.810789,1.0
350.0,750.0,0.014332,0.005814,5.1,0.26337,0.010522,0.0,99.555574,0.291198,2.24,9770.179845,13.810789,1.0
350.0,800.0,0.014332,0.005814,5.1,0.26337,0.010522,0.0,99.555574,0.291198,2.24,9438.720918,13.810789,1.0
375.0,250.0,1.415495,0.005814,1.0,0.711591,0.010522,0.0,4.625051,0.291198,1.0,8485.776502,13.810789,1.41
375.0,300.0,1.403867,0.005814,1.41,0.688444,0.010522,0.0,5.207447,0.291198,1.41,8444.344136,13.810789,0.0
375.0,350.0,1.380611,0.005814,1.0,0.688444,0.010522,0.0,6.372239,0.291198,0.0,8430.533348,13.810789,1.0
375.0,400.0,0.851541,0.005814,1.0,0.663192,0.010522,0.0,60.535052,0.291198,1.0,12573.769939,13.810789,0.0
375.0,450.0,0.601541,0.005814,1.0,0.587436,0.010522,11.18,71.891771,0.291198,1.0,12573.769939,13.810789,0.0
375.0,500.0,0.334099,0.005814,1.0,0.487481,0.009469,0.0,84.70448,0.291198,1.0,12573.769939,13.810789,0.0
375.0,550.0,0.037588,0.005814,1.41,0.362273,0.010522,0.0,98.390782,0.291198,1.41,12573.769939,13.810789,0.0
375.0,600.0,0.014332,0.005814,5.1,0.337022,0.010522,0.0,99.555574,0.291198,2.24,11758.933409,13.810789,1.0
375.0,650.0,0.014332,0.005814,5.1,0.31177,0.010522,0.0,99.555574,0.291198,2.24,11068.393977,13.810789,1.0
375.0,700.0,0.014332,0.005814,5.1,0.286518,0.010522,0.0,99.555574,0.291198,2.24,10557.394798,13.810789,1.0
375.0,750.0,0.014332,0.005814,5.1,0.26337,0.010522,0.0,99.555574,0.291198,2.24,10115.449561,13.810789,1.0
375.0,800.0,0.014332,0.005814,5.1,0.26337,0.010522,0.0,99.555574,0.291198,2.24,9783.990634,13.810789,0.0
400.0,250.0,1.444564,0.005814,1.41,0.688444,0.010522,5.1,4.333853,0.291198,1.0,8582.452023,13.810789,1.0
400.0,300.0,1.415495,0.005814,1.0,0.688444,0.010522,0.0,5.207447,0.291198,1.41,8554.830445,13.810789,1.0
400.0,350.0,1.403867,0.005814,1.41,0.688444,0.010522,0.0,6.081041,0.291198,1.0,8513.398079,13.810789,1.0
400.0,400.0,1.386425,0.005814,0.0,0.688444,0.010522,0.0,7.53703,0.291198,0.0,8499.587291,13.810789,1.41
400.0,450.0,0.764332,0.005814,1.0,0.612688,0.010522,0.0,65.194219,0.291198,1.41,12573.769939,13.810789,0.0
400.0,500.0,0.52596,0.005814,1.0,0.536932,0.010522,0.0,75.968542,0.291198,1.41,12573.769939,13.810789,0.0
400.0,550.0,0.258518,0.005814,1.41,0.438029,0.010522,0.0,88.198855,0.291198,1.73,12573.769939,13.810789,0.0
400.0,600.0,0.014332,0.005814,5.1,0.337022,0.010522,0.0,99.555574,0.291198,2.24,12435.662052,13.810789,1.73
400.0,650.0,0.014332,0.005814,5.1,0.31177,0.010522,0.0,99.555574,0.291198,2.24,11620.825523,13.810789,2.0
400.0,700.0,0.014332,0.005814,5.1,0.286518,0.010522,0.0,99.555574,0.291198,2.24,11013.150823,13.810789,1.0
400.0,750.0,0.014332,0.005814,5.1,0.26337,0.010522,0.0,99.555574,0.291198,2.24,10557.394798,13.810789,1.41
400.0,800.0,0.014332,0.005814,5.1,0.26337,0.010522,0.0,99.555574,0.291198,2.24,10143.071139,13.810789,1.41
425.0,250.0,1.456192,0.005814,1.73,0.688444,0.010522,0.0,3.751457,0.291198,0.0,8651.505966,13.810789,1.0
425.0,300.0,1.444564,0.005814,1.41,0.688444,0.010522,0.0,5.207447,0.291198,1.41,8637.695177,13.810789,1.41
425.0,350.0,1.415495,0.005814,1.0,0.688444,0.010522,0.0,5.789843,0.291198,1.41,8623.884389,13.810789,1.41
425.0,400.0,1.403867,0.005814,1.41,0.688444,0.010522,0.0,6.372239,0.291198,0.0,8596.262811,13.810789,1.0
425.0,450.0,0.892239,0.005814,1.0,0.63794,0.010522,0.0,59.079062,0.291198,0.0,12573.769939,13.810789,0.0
425.0,500.0,0.671309,0.005814,1.41,0.562184,0.010522,0.0,68.979792,0.291198,1.0,12573.769939,13.810789,0.0
425.0,550.0,0.444564,0.005814,1.0,0.487481,0.009469,0.0,79.462917,0.291198,1.73,12573.769939,13.810789,0.0
425.0,600.0,0.177123,0.005814,1.0,0.387525,0.010522,0.0,91.69323,0.291198,1.41,12573.769939,13.810789,0.0
425.0,650.0,0.014332,0.005814,5.1,0.31177,0.010522,0.0,99.555574,0.291198,2.24,12242.311011,13.810789,1.41
425.0,700.0,0.014332,0.005814,5.1,0.286518,0.010522,0.0,99.555574,0.291198,2.24,11510.339214,13.810789,1.0
425.0,750.0,0.014332,0.005814,5.1,0.26337,0.010522,0.0,99.555574,0.291198,2.24,10957.907668,13.810789,1.0
425.0,800.0,0.014332,0.005814,5.1,0.26337,0.010522,0.0,99.555574,0.291198,2.24,10515.962432,13.810789,1.41
450.0,250.0,1.46782,0.005814,1.0,0.688444,0.010522,0.0,3.751457,0.291198,0.0,8748.181486,13.810789,1.0
450.0,300.0,1.456192,0.005814,1.73,0.688444,0.010522,0.0,4.625051,0.291198,1.0,8706.74912,13.810789,1.41
450.0,350.0,1.444564,0.005814,1.41,0.688444,0.010522,0.0,5.207447,0.291198,1.41,8692.938332,13.810789,1.41
450.0,400.0,1.421309,0.005814,0.0,0.688444,0.010522,0.0,6.081041,0.291198,1.0,8665.316754,13.810789,0.0
450.0,450.0,1.014332,0.005814,1.0,0.663192,0.010522,0.0,53.8375,0.291198,1.0,12573.769939,13.810789,0.0
450.0,500.0,0.810843,0.005814,1.0,0.612688,0.010522,6.71,62.864635,0.291198,1.0,12573.769939,13.810789,0.0
450.0,550.0,0.601541,0.005814,1.0,0.511681,0.010522,13.75,72.474167,0.291198,1.73,12573.769939,13.810789,0.0
450.0,600.0,0.368983,0.005814,1.0,0.438029,0.010522,0.0,83.24849,0.291198,1.41,12573.769939,13.810789,0.0
450.0,650.0,0.101541,0.005814,1.41,0.362273,0.010522,0.0,95.187605,0.291198,0.0,12573.769939,13.810789,0.0
450.0,700.0,0.014332,0.005814,5.1,0.31177,0.010522,10.0,99.555574,0.291198,2.24,12076.581548,13.810789,1.73
450.0,750.0,0.014332,0.005814,5.1,0.286518,0.010522,0.0,99.555574,0.291198,2.24,11413.663693,13.810789,1.0
450.0,800.0,0.014332,0.005814,5.1,0.26337,0.010522,0.0,99.555574,0.291198,2.24,10888.853725,13.810789,1.0
475.0,250.0,1.491076,0.005814,1.41,0.688444,0.010522,0.0,3.460259,0.291198,1.0,8817.235429,13.810789,1.41
475.0,300.0,1.46782,0.005814,1.0,0.688444,0.010522,0.0,4.333853,0.291198,1.0,8803.424641,13.810789,1.0
475.0,350.0,1.456192,0.005814,1.73,0.688444,0.010522,0.0,5.207447,0.291198,1.41,8775.803064,13.810789,1.0
475.0,400.0,1.444564,0.005814,1.41,0.688444,0.010522,0.0,6.081041,0.291198,1.0,8748.181486,13.810789,1.0
475.0,450.0,1.421309,0.005814,0.0,0.663192,0.010522,0.0,6.663437,0.291198,0.0,8734.370698,13.810789,1.0
475.0,500.0,0.932936,0.005814,1.0,0.63794,0.010522,6.0,57.331875,0.291198,0.0,12573.769939,13.810789,0.0
475.0,550.0,0.741076,0.005814,0.0,0.562184,0.010522,0.0,65.776615,0.291198,1.0,12573.769939,13.810789,0.0
475.0,600.0,0.531774,0.005814,1.73,0.487481,0.009469,0.0,75.677344,0.291198,1.41,12573.769939,13.810789,0.0
475.0,650.0,0.293402,0.005814,1.41,0.412777,0.010522,0.0,86.451667,0.291198,1.73,12573.769939,13.810789,0.0
475.0,700.0,0.037588,0.005814,1.41,0.31177,0.010522,0.0,98.390782,0.291198,1.41,12573.769939,13.810789,0.0
475.0,750.0,0.014332,0.005814,5.1,0.286518,0.010522,0.0,99.555574,0.291198,2.24,11952.28445,13.810789,1.41
475.0,800.0,0.014332,0.005814,5.1,0.26337,0.010522,0.0,99.555574,0.291198,2.24,11358.420539,13.810789,1.41
500.0,250.0,1.514332,0.005814,1.41,0.688444,0.010522,0.0,3.460259,0.291198,1.0,8913.91095,13.810789,1.0
500.0,300.0,1.49689,0.005814,1.41,0.688444,0.010522,0.0,4.333853,0.291198,1.0,8886.289373,13.810789,1.0
500.0,350.0,1.479448,0.005814,1.41,0.688444,0.010522,0.0,5.207447,0.291198,1.41,8844.857007,13.810789,1.0
500.0,400.0,1.462006,0.005814,2.0,0.688444,0.010522,0.0,5.789843,0.291198,1.41,8844.857007,13.810789,1.0
500.0,450.0,1.450378,0.005814,1.73,0.663192,0.010522,0.0,6.372239,0.291198,0.0,8817.235429,13.810789,1.41
500.0,500.0,1.043402,0.005814,0.0,0.663192,0.010522,8.72,52.38151,0.291198,0.0,12573.769939,13.810789,0.0
500.0,550.0,0.868983,0.005814,1.0,0.587436,0.010522,0.0,60.535052,0.291198,1.0,12573.769939,13.810789,0.0
500.0,600.0,0.671309,0.005814,1.41,0.536932,0.010522,19.6,69.27099,0.291198,0.0,12573.769939,13.810789,0.0
500.0,650.0,0.462006,0.005814,1.41,0.463281,0.010522,0.0,78.880521,0.291198,2.24,12573.769939,13.810789,0.0
500.0,700.0,0.21782,0.005814,1.0,0.387525,0.010522,11.05,89.363646,0.291198,1.41,12573.769939,13.810789,0.0
500.0,750.0,0.014332,0.005814,5.1,0.286518,0.010522,0.0,99.555574,0.291198,2.24,12490.905207,13.810789,1.0
500.0,800.0,0.014332,0.005814,5.1,0.26337,0.010522,0.0,99.555574,0.291198,2.24,11814.176564,13.810789,1.0
525.0,250.0,1.52596,0.005814,1.0,0.688444,0.010522,0.0,2.877864,0.291198,1.41,8969.154104,13.810789,1.41
525.0,300.0,1.514332,0.005814,1.41,0.688444,0.010522,0.0,3.751457,0.291198,0.0,8955.343316,13.810789,1.0
525.0,350.0,1.49689,0.005814,1.41,0.688444,0.010522,0.0,4.625051,0.291198,1.0,8955.343316,13.810789,1.41
525.0,400.0,1.479448,0.005814,1.41,0.688444,0.010522,0.0,5.207447,0.291198,1.41,8927.721739,13.810789,1.0
525.0,450.0,1.462006,0.005814,2.0,0.663192,0.010522,0.0,6.081041,0.291198,1.0,8913.91095,13.810789,1.0
525.0,500.0,1.27596,0.005814,1.0,0.663192,0.010522,0.0,31.706458,0.291198,1.41,10792.178204,13.810789,1.0
525.0,550.0,0.962006,0.005814,1.0,0.612688,0.010522,0.0,55.293489,0.291198,1.0,12573.769939,13.810789,0.0
525.0,600.0,0.80503,0.005814,1.0,0.562184,0.010522,0.0,63.447031,0.291198,1.0,12573.769939,13.810789,0.0
525.0,650.0,0.601541,0.005814,1.0,0.487481,0.009469,0.0,71.891771,0.291198,1.0,12573.769939,13.810789,0.0
525.0,700.0,0.392239,0.005814,1.0,0.412777,0.010522,0.0,81.7925,0.291198,1.73,12573.769939,13.810789,0.0
525.0,750.0,0.165495,0.005814,1.0,0.337022,0.010522,0.0,92.566824,0.291198,1.0,12573.769939,13.810789,0.0
525.0,800.0,0.014332,0.005814,5.1,0.286518,0.010522,0.0,99.555574,0.291198,2.24,12325.175743,13.810789,1.0
550.0,250.0,1.543402,0.005814,1.0,0.688444,0.010522,0.0,2.877864,0.291198,1.41,9065.829625,13.810789,1.41
550.0,300.0,1.52596,0.005814,1.0,0.688444,0.010522,0.0,3.751457,0.291198,0.0,9065.829625,13.810789,1.0
550.0,350.0,1.514332,0.005814,1.41,0.688444,0.010522,0.0,4.333853,0.291198,1.0,9038.208048,13.810789,0.0
550.0,400.0,1.49689,0.005814,1.41,0.688444,0.010522,0.0,5.207447,0.291198,1.41,9038.208048,13.810789,1.41
550.0,450.0,1.479448,0.005814,1.41,0.688444,0.010522,0.0,5.789843,0.291198,1.41,8969.154104,13.810789,1.41
550.0,500.0,1.462006,0.005814,2.0,0.663192,0.010522,0.0,6.372239,0.291198,0.0,8955.343316,13.810789,1.0
550.0,550.0,1.072471,0.005814,1.0,0.63794,0.010522,0.0,50.925521,0.291198,1.0,12573.769939,13.810789,0.0
550.0,600.0,0.915495,0.005814,1.41,0.587436,0.010522,0.0,58.496667,0.291198,1.0,12573.769939,13.810789,0.0
550.0,650.0,0.741076,0.005814,1.0,0.536932,0.010522,22.05,66.067813,0.291198,1.0,12573.769939,13.810789,0.0
550.0,700.0,0.537588,0.005814,1.0,0.463281,0.010522,0.0,74.80375,0.291198,1.41,12573.769939,13.810789,0.0
550.0,750.0,0.334099,0.005814,1.0,0.387525,0.010522,0.0,84.70448,0.291198,1.0,12573.769939,13.810789,0.0
550.0,800.0,0.101541,0.005814,1.41,0.31177,0.010522,0.0,95.187605,0.291198,0.0,12573.769939,13.810789,0.0
575.0,250.0,1.560843,0.005814,2.0,0.688444,0.010522,0.0,2.877864,0.291198,0.0,9176.315934,13.810789,1.0
575.0,300.0,1.543402,0.005814,1.0,0.688444,0.010522,0.0,3.460259,0.291198,1.0,9176.315934,13.810789,1.41
575.0,350.0,1.52596,0.005814,1.0,0.688444,0.010522,0.0,4.333853,0.291198,1.0,9107.261991,13.810789,1.0
575.0,400.0,1.514332,0.005814,1.41,0.688444,0.010522,0.0,5.207447,0.291198,1.41,9107.261991,13.810789,1.41
575.0,450.0,1.508518,0.005814,1.0,0.688444,0.010522,0.0,5.789843,0.291198,1.41,9065.829625,13.810789,1.41
575.0,500.0,1.491076,0.005814,1.41,0.663192,0.010522,0.0,6.081041,0.291198,1.0,9065.829625,13.810789,1.0
575.0,550.0,1.159681,0.005814,1.0,0.663192,0.010522,0.0,47.431146,0.291198,1.0,12573.769939,13.810789,0.0
575.0,600.0,1.014332,0.005814,1.0,0.612688,0.010522,0.0,53.8375,0.291198,1.0,12573.769939,13.810789,0.0
575.0,650.0,0.851541,0.005814,1.0,0.562184,0.010522,0.0,60.82625,0.291198,1.0,12573.769939,13.810789,0.0
575.0,700.0,0.671309,0.005814,1.41,0.487481,0.009469,0.0,68.979792,0.291198,1.0,12573.769939,13.810789,0.0
575.0,750.0,0.491076,0.005814,1.41,0.438029,0.010522,0.0,77.715729,0.291198,1.41,12573.769939,13.810789,0.0
575.0,800.0,0.270146,0.005814,1.0,0.362273,0.010522,0.0,87.325261,0.291198,1.0,12573.769939,13.810789,0.0
600.0,250.0,1.572471,0.005814,1.41,0.711591,0.010522,0.0,2.877864,0.291198,0.0,9272.991454,13.810789,1.41
600.0,300.0,1.560843,0.005814,2.0,0.688444,0.010522,0.0,3.460259,0.291198,1.0,9245.369877,13.810789,1.41
600.0,350.0,1.543402,0.005814,1.0,0.688444,0.010522,0.0,3.751457,0.291198,0.0,9217.7483,13.810789,0.0
600.0,400.0,1.537588,0.005814,0.0,0.688444,0.010522,0.0,4.625051,0.291198,1.0,9217.7483,13.810789,1.0
600.0,450.0,1.520146,0.005814,1.41,0.688444,0.010522,0.0,5.207447,0.291198,1.41,9176.315934,13.810789,1.0
600.0,500.0,1.508518,0.005814,1.0,0.688444,0.010522,0.0,6.081041,0.291198,1.0,9176.315934,13.810789,1.41
600.0,550.0,1.491076,0.005814,1.41,0.663192,0.010522,0.0,6.372239,0.291198,0.0,9134.883568,13.810789,1.0
600.0,600.0,1.095727,0.005814,0.0,0.63794,0.010522,0.0,49.178333,0.291198,1.41,12573.769939,13.810789,0.0
600.0,650.0,0.950378,0.005814,1.0,0.587436,0.010522,0.0,56.167083,0.291198,1.0,12573.769939,13.810789,0.0
600.0,700.0,0.80503,0.005814,1.0,0.536932,0.010522,0.0,63.447031,0.291198,1.0,12573.769939,13.810789,0.0
600.0,750.0,0.618983,0.005814,1.0,0.463281,0.010522,0.0,71.600573,0.291198,0.0,12573.769939,13.810789,0.0
600.0,800.0,0.432936,0.005814,1.41,0.412777,0.010522,0.0,80.336511,0.291198,1.0,12573.769939,13.810789,0.0
625.0,250.0,1.589913,0.005814,1.41,0.711591,0.010522,0.0,2.877864,0.291198,0.0,9328.234609,13.810789,1.0
625.0,300.0,1.572471,0.005814,1.41,0.688444,0.010522,0.0,2.877864,0.291198,1.41,9328.234609,13.810789,1.0
625.0,350.0,1.566657,0.005814,1.41,0.688444,0.010522,0.0,3.751457,0.291198,0.0,9286.802243,13.810789,1.0
625.0,400.0,1.55503,0.005814,1.41,0.688444,0.010522,0.0,4.625051,0.291198,1.0,9272.991454,13.810789,0.0
625.0,450.0,1.537588,0.005814,0.0,0.688444,0.010522,0.0,5.207447,0.291198,1.41,9272.991454,13.810789,1.41
625.0,500.0,1.520146,0.005814,1.41,0.688444,0.010522,0.0,5.789843,0.291198,1.41,9245.369877,13.810789,1.0
625.0,550.0,1.514332,0.005814,1.41,0.663192,0.010522,0.0,6.372239,0.291198,0.0,9217.7483,13.810789,0.0
625.0,600.0,1.182936,0.005814,0.0,0.663192,0.010522,7.0,45.975156,0.291198,1.0,12573.769939,13.810789,0.0
625.0,650.0,1.049216,0.005814,0.0,0.612688,0.010522,0.0,52.090312,0.291198,0.0,12573.769939,13.810789,0.0
625.0,700.0,0.915495,0.005814,1.41,0.562184,0.010522,0.0,58.787865,0.291198,1.0,12573.769939,13.810789,0.0
625.0,750.0,0.741076,0.005814,0.0,0.511681,0.010522,0.0,65.776615,0.291198,1.0,12573.769939,13.810789,0.0
625.0,800.0,0.572471,0.005814,1.41,0.463281,0.010522,0.0,73.930157,0.291198,1.0,12573.769939,13.810789,0.0
650.0,250.0,1.607355,0.005814,1.0,0.711591,0.010522,0.0,2.877864,0.291198,0.0,9438.720918,13.810789,1.0
650.0,300.0,1.601541,0.005814,1.0,0.711591,0.010522,0.0,2.877864,0.291198,1.41,9397.288552,13.810789,1.0
650.0,350.0,1.584099,0.005814,1.0,0.688444,0.010522,0.0,3.751457,0.291198,0.0,9397.288552,13.810789,1.41
650.0,400.0,1.566657,0.005814,1.41,0.688444,0.010522,0.0,4.333853,0.291198,1.0,9355.856186,13.810789,1.41
650.0,450.0,1.55503,0.005814,1.41,0.688444,0.010522,0.0,5.207447,0.291198,1.41,9355.856186,13.810789,1.41
650.0,500.0,1.543402,0.005814,1.0,0.688444,0.010522,0.0,5.207447,0.291198,1.41,9328.234609,13.810789,1.0
650.0,550.0,1.52596,0.005814,1.0,0.688444,0.010522,0.0,6.081041,0.291198,1.0,9286.802243,13.810789,1.0
650.0,600.0,1.316657,0.005814,1.0,0.663192,0.010522,0.0,35.200833,0.291198,1.0,11717.501043,13.810789,1.41
650.0,650.0,1.148053,0.005814,1.41,0.63794,0.010522,0.0,47.722344,0.291198,0.0,12573.769939,13.810789,0.0
650.0,700.0,0.99689,0.005814,1.41,0.587436,0.010522,0.0,54.419896,0.291198,1.41,12573.769939,13.810789,0.0
650.0,750.0,0.851541,0.005814,1.0,0.536932,0.010522,0.0,60.82625,0.291198,1.0,12573.769939,13.810789,0.0
650.0,800.0,0.68875,0.005814,1.0,0.487481,0.009469,0.0,68.106198,0.291198,1.0,12573.769939,13.810789,0.0
675.0,250.0,1.624797,0.005814,2.24,0.711591,0.010522,0.0,2.00427,0.291198,1.0,9507.774861,13.810789,1.41
675.0,300.0,1.613169,0.005814,1.41,0.711591,0.010522,0.0,2.877864,0.291198,1.41,9507.774861,13.810789,1.41
675.0,350.0,1.601541,0.005814,1.0,0.688444,0.010522,0.0,3.460259,0.291198,1.0,9480.153284,13.810789,1.0
675.0,400.0,1.584099,0.005814,1.0,0.688444,0.010522,0.0,4.333853,0.291198,1.0,9480.153284,13.810789,1.0
675.0,450.0,1.572471,0.005814,1.41,0.688444,0.010522,0.0,4.625051,0.291198,1.0,9438.720918,13.810789,1.0
675.0,500.0,1.560843,0.005814,2.0,0.688444,0.010522,0.0,5.207447,0.291198,1.41,9438.720918,13.810789,1.0
675.0,550.0,1.543402,0.005814,1.0,0.688444,0.010522,0.0,5.789843,0.291198,1.41,9397.288552,13.810789,1.41
675.0,600.0,1.537588,0.005814,0.0,0.663192,0.010522,0.0,6.372239,0.291198,0.0,9355.856186,13.810789,1.41
675.0,650.0,1.206192,0.005814,1.0,0.63794,0.010522,0.0,44.519166,0.291198,1.0,12573.769939,13.810789,0.0
675.0,700.0,1.089913,0.005814,1.41,0.612688,0.010522,0.0,50.051927,0.291198,1.41,12573.769939,13.810789,0.0
675.0,750.0,0.950378,0.005814,1.0,0.562184,0.010522,0.0,56.167083,0.291198,1.0,12573.769939,13.810789,0.0
675.0,800.0,0.80503,0.005814,0.0,0.511681,0.010522,0.0,63.155833,0.291198,0.0,12573.769939,13.810789,0.0
700.0,250.0,1.648053,0.005814,1.41,0.711591,0.010522,0.0,2.00427,0.291198,1.0,9632.071959,13.810789,1.41
700.0,300.0,1.630611,0.005814,1.41,0.711591,0.010522,0.0,2.877864,0.291198,0.0,9604.450382,13.810789,1.41
700.0,350.0,1.613169,0.005814,1.41,0.711591,0.010522,0.0,3.460259,0.291198,1.0,9563.018016,13.810789,1.41
700.0,400.0,1.607355,0.005814,1.0,0.688444,0.010522,0.0,3.751457,0.291198,0.0,9549.207227,13.810789,1.0
700.0,450.0,1.589913,0.005814,1.41,0.688444,0.010522,0.0,4.625051,0.291198,1.0,9549.207227,13.810789,1.41
700.0,500.0,1.572471,0.005814,1.41,0.688444,0.010522,0.0,5.207447,0.291198,1.41,9507.774861,13.810789,1.41
700.0,550.0,1.566657,0.005814,1.41,0.688444,0.010522,0.0,5.789843,0.291198,1.41,9480.153284,13.810789,1.0
700.0,600.0,1.55503,0.005814,1.41,0.688444,0.010522,0.0,6.081041,0.291198,1.0,9480.153284,13.810789,1.0
700.0,650.0,1.27596,0.005814,1.41,0.663192,0.010522,0.0,41.315989,0.291198,1.0,12573.769939,13.810789,0.0
700.0,700.0,1.165495,0.005814,1.0,0.63794,0.010522,6.0,46.557552,0.291198,1.0,12573.769939,13.810789,0.0
700.0,750.0,1.043402,0.005814,0.0,0.587436,0.010522,0.0,52.38151,0.291198,0.0,12573.769939,13.810789,0.0
700.0,800.0,0.915495,0.005814,1.41,0.536932,0.010522,0.0,58.496667,0.291198,1.0,12573.769939,13.810789,0.0
725.0,250.0,1.659681,0.005814,1.41,0.711591,0.010522,0.0,2.00427,0.291198,1.0,9770.179845,13.810789,1.0
725.0,300.0,1.648053,0.005814,1.41,0.711591,0.010522,0.0,2.877864,0.291198,0.0,9728.747479,13.810789,1.0
725.0,350.0,1.636425,0.005814,1.0,0.711591,0.010522,0.0,3.460259,0.291198,1.0,9673.504325,13.810789,0.0
725.0,400.0,1.624797,0.005814,2.24,0.711591,0.010522,0.0,3.751457,0.291198,0.0,9673.504325,13.810789,1.0
725.0,450.0,1.607355,0.005814,1.0,0.688444,0.010522,0.0,4.333853,0.291198,1.0,9632.071959,13.810789,1.0
725.0,500.0,1.601541,0.005814,1.0,0.688444,0.010522,0.0,5.207447,0.291198,1.41,9604.450382,13.810789,1.41
725.0,550.0,1.584099,0.005814,1.0,0.688444,0.010522,0.0,5.207447,0.291198,1.41,9604.450382,13.810789,1.41
725.0,600.0,1.566657,0.005814,1.41,0.688444,0.010522,0.0,6.081041,0.291198,1.0,9563.018016,13.810789,1.41
725.0,650.0,1.421309,0.005814,0.0,0.688444,0.010522,0.0,27.920885,0.291198,1.0,11386.042116,13.810789,1.0
725.0,700.0,1.241076,0.005814,1.0,0.63794,0.010522,0.0,43.645573,0.291198,1.0,12573.769939,13.810789,0.0
725.0,750.0,1.118983,0.005814,1.0,0.612688,0.010522,0.0,48.304739,0.291198,1.0,12573.769939,13.810789,0.0
725.0,800.0,0.99689,0.005814,1.41,0.562184,0.010522,0.0,53.8375,0.291198,1.0,12573.769939,13.810789,0.0
750.0,250.0,1.677123,0.005814,1.0,0.711591,0.010522,0.0,2.00427,0.291198,1.0,9853.044577,13.810789,0.0
750.0,300.0,1.665495,0.005814,1.41,0.711591,0.010522,0.0,2.877864,0.291198,0.0,9825.423,13.810789,0.0
750.0,350.0,1.653867,0.005814,1.0,0.711591,0.010522,0.0,2.877864,0.291198,1.41,9825.423,13.810789,1.0
750.0,400.0,1.636425,0.005814,1.0,0.711591,0.010522,0.0,3.751457,0.291198,0.0,9783.990634,13.810789,0.0
750.0,450.0,1.630611,0.005814,1.41,0.711591,0.010522,0.0,4.333853,0.291198,1.0,9770.179845,13.810789,1.0
750.0,500.0,1.613169,0.005814,1.41,0.688444,0.010522,0.0,4.625051,0.291198,1.0,9728.747479,13.810789,1.0
750.0,550.0,1.607355,0.005814,1.0,0.688444,0.010522,0.0,5.207447,0.291198,1.41,9701.125902,13.810789,1.0
750.0,600.0,1.589913,0.005814,1.41,0.688444,0.010522,0.0,5.789843,0.291198,1.41,9673.504325,13.810789,0.0
750.0,650.0,1.572471,0.005814,1.41,0.688444,0.010522,0.0,6.081041,0.291198,1.0,9632.071959,13.810789,1.0
750.0,700.0,1.30503,0.005814,2.0,0.663192,0.010522,0.0,40.442395,0.291198,0.0,12573.769939,13.810789,0.0
750.0,750.0,1.200378,0.005814,1.0,0.63794,0.010522,18.03,45.101562,0.291198,1.41,12573.769939,13.810789,0.0
750.0,800.0,1.089913,0.005814,1.41,0.587436,0.010522,0.0,50.051927,0.291198,1.41,12573.769939,13.810789,0.0
775.0,250.0,1.700378,0.005814,1.41,0.711591,0.010522,0.0,2.00427,0.291198,1.41,9963.530886,13.810789,1.0
775.0,300.0,1.682936,0.005814,1.41,0.711591,0.010522,0.0,2.877864,0.291198,0.0,9935.909309,13.810789,1.0
775.0,350.0,1.665495,0.005814,1.41,0.711591,0.010522,0.0,2.877864,0.291198,1.41,9922.09852,13.810789,0.0
775.0,400.0,1.659681,0.005814,1.41,0.711591,0.010522,0.0,3.460259,0.291198,1.0,9922.09852,13.810789,1.0
775.0,450.0,1.648053,0.005814,1.41,0.711591,0.010522,0.0,4.333853,0.291198,1.0,9853.044577,13.810789,0.0
775.0,500.0,1.636425,0.005814,1.0,0.711591,0.010522,0.0,4.625051,0.291198,1.0,9853.044577,13.810789,1.0
775.0,550.0,1.624797,0.005814,2.24,0.688444,0.010522,0.0,5.207447,0.291198,1.41,9825.423,13.810789,0.0
775.0,600.0,1.607355,0.005814,1.0,0.688444,0.010522,0.0,5.789843,0.291198,1.41,9783.990634,13.810789,0.0
775.0,650.0,1.601541,0.005814,1.0,0.688444,0.010522,0.0,6.081041,0.291198,1.0,9770.179845,13.810789,0.0
775.0,700.0,1.363169,0.005814,1.0,0.663192,0.010522,0.0,37.239218,0.291198,0.0,12573.769939,13.810789,0.0
775.0,750.0,1.270146,0.005814,1.0,0.63794,0.010522,0.0,41.315989,0.291198,1.0,12573.769939,13.810789,0.0
775.0,800.0,1.165495,0.005814,1.0,0.612688,0.010522,0.0,46.557552,0.291198,1.0,12573.769939,13.810789,0.0
800.0,250.0,1.71782,0.005814,2.24,0.736843,0.010522,0.0,2.00427,0.291198,1.41,10074.017195,13.810789,0.0
800.0,300.0,1.700378,0.005814,1.41,0.711591,0.010522,0.0,2.877864,0.291198,0.0,10032.584829,13.810789,1.0
800.0,350.0,1.694564,0.005814,1.0,0.711591,0.010522,0.0,2.877864,0.291198,1.41,10004.963252,13.810789,0.0
800.0,400.0,1.677123,0.005814,1.0,0.711591,0.010522,0.0,3.460259,0.291198,1.0,10004.963252,13.810789,1.0
800.0,450.0,1.665495,0.005814,1.41,0.711591,0.010522,0.0,3.751457,0.291198,0.0,9963.530886,13.810789,1.0
800.0,500.0,1.653867,0.005814,1.0,0.711591,0.010522,0.0,4.625051,0.291198,1.0,9935.909309,13.810789,1.0
800.0,550.0,1.648053,0.005814,1.41,0.711591,0.010522,0.0,5.207447,0.291198,1.41,9935.909309,13.810789,1.0
800.0,600.0,1.630611,0.005814,1.41,0.688444,0.010522,0.0,5.207447,0.291198,1.41,9922.09852,13.810789,1.0
800.0,650.0,1.613169,0.005814,1.41,0.688444,0.010522,0.0,5.789843,0.291198,1.41,9880.666154,13.810789,0.0
800.0,700.0,1.508518,0.005814,1.0,0.688444,0.010522,0.0,23.261718,0.291198,1.0,11330.798961,13.810789,1.0
800.0,750.0,1.334099,0.005814,1.0,0.663192,0.010522,0.0,38.986406,0.291198,1.0,12573.769939,13.810789,0.0
800.0,800.0,1.241076,0.005814,1.0,0.63794,0.010522,0.0,43.645573,0.291198,1.0,12573.769939,13.810789,0.0
